id;id_usu;0;1;2;3;4;5;6;7;8;9;10;11;12;13;14;15;16;17;18;19
0;1;;;;1.8333333333333333;;;2.6666666666666665;1.0;;;;;;;;3.0;;;;
1;2;3.5;3.0;5.0;3.5;3.5;3.5555555555555554;3.7;3.0;;3.5555555555555554;3.4;3.0;3.2;3.3333333333333335;3.0;3.5714285714285716;4.0;3.0;;
2;3;4.0;4.0;;3.45;2.75;4.0;4.125;;;4.125;3.1;;4.25;3.1666666666666665;;4.0;4.0;;;4.0
3;4;4.333333333333333;4.857142857142857;5.0;4.185185185185185;4.444444444444445;4.545454545454546;4.173913043478261;4.5;;4.533333333333333;4.588235294117647;5.0;4.105263157894737;4.555555555555555;4.5;3.95;3.4;4.666666666666667;5.0;
4;5;2.5;4.1;4.0;3.977272727272727;3.9375;4.0;3.8076923076923075;4.0;2.5;4.15;4.125;4.166666666666667;4.0;4.125;4.0;3.75;3.5;;4.0;
5;6;2.6666666666666665;3.25;;3.1923076923076925;4.5;3.6666666666666665;2.4;;4.0;3.6875;3.75;2.0;3.0;;;4.0;1.5;;;1.5
6;7;3.0;3.4;;3.347826086956522;3.5;3.3333333333333335;2.5;5.0;;3.7777777777777777;3.1666666666666665;3.0;3.5;3.857142857142857;2.5;3.3333333333333335;4.0;2.0;;
7;8;3.0;4.5;4.5;3.8636363636363638;4.166666666666667;3.6875;3.9615384615384617;;3.5;4.1875;3.75;2.0;4.25;3.5;4.0;3.642857142857143;3.0;;;
8;9;3.3333333333333335;3.5;;3.8;4.0;4.4;3.4;;;3.857142857142857;3.5;4.0;4.666666666666667;3.75;4.0;4.0;;;;
9;10;4.0;2.5;;3.7142857142857144;3.0;3.6666666666666665;3.4;2.0;;3.5;3.0;5.0;3.6666666666666665;4.0;;;3.0;;;
10;11;5.0;;;3.1;5.0;4.25;;3.5;;4.0;3.0;;4.0;;;4.0;4.0;3.5;;
11;12;2.2;1.5;2.0;2.5;;2.5;2.75;;;2.3333333333333335;;;3.0;2.0;4.0;3.0;1.0;;;
12;13;2.75;3.5;3.75;3.6;3.75;4.0;3.8;;3.75;4.0;3.3333333333333335;3.5;3.5;3.5;;4.0;3.25;;;
13;14;;;;3.5;;3.0;;;4.0;3.0;;;;;;5.0;;5.0;;
14;15;2.794642857142857;2.5303030303030303;3.6666666666666665;2.863874345549738;2.6818181818181817;2.9740259740259742;2.7520661157024793;3.3421052631578947;3.0;2.8869565217391306;3.0277777777777777;2.375;2.765957446808511;3.0;2.6666666666666665;3.039473684210526;2.7037037037037037;3.1153846153846154;2.7857142857142856;2.8
15;16;;;;4.214285714285714;3.5;;4.125;;;4.25;4.0;;;4.0;;4.0;;;;
16;17;3.735294117647059;4.1875;3.5;3.9827586206896552;3.65;3.5869565217391304;3.7954545454545454;4.0;4.083333333333333;3.75;4.020833333333333;;4.1;3.8333333333333335;;4.038461538461538;4.625;3.5;;4.5
17;18;3.1818181818181817;2.8;;3.5555555555555554;3.5;3.4444444444444446;2.857142857142857;;;3.125;3.2;3.0;3.1666666666666665;3.6666666666666665;4.0;3.6666666666666665;3.0;5.0;;
18;19;3.1875;3.6153846153846154;4.166666666666667;3.51;3.7222222222222223;3.533333333333333;3.5476190476190474;3.0;4.5;3.3728813559322033;3.6486486486486487;4.0;3.44;3.5217391304347827;4.0;3.433333333333333;3.5625;3.25;;
19;20;3.3333333333333335;4.375;;3.369565217391304;4.25;2.625;2.888888888888889;1.0;4.0;3.09375;3.590909090909091;;2.875;3.8333333333333335;;3.3333333333333335;4.0;;;
20;21;3.2222222222222223;3.5;4.333333333333333;3.4285714285714284;3.857142857142857;3.2142857142857144;3.8333333333333335;4.0;3.0;3.3684210526315788;3.357142857142857;3.0;3.25;3.5;3.0;3.6666666666666665;3.4;3.0;;
21;22;3.5;3.375;;3.2804878048780486;3.375;3.769230769230769;2.9722222222222223;3.5;4.25;3.7333333333333334;3.7;;3.4;3.6875;3.8333333333333335;3.3181818181818183;3.2;;;4.5
22;23;3.5416666666666665;3.823529411764706;4.071428571428571;3.628787878787879;3.519230769230769;3.676470588235294;3.5961538461538463;3.9;3.8;3.7540983606557377;3.9;3.0;3.4074074074074074;3.6458333333333335;3.909090909090909;3.4555555555555557;3.4166666666666665;3.75;1.8333333333333333;3.3333333333333335
23;24;3.5;;;3.5;3.0;3.6666666666666665;3.5;;;3.6666666666666665;3.0;;4.0;3.0;4.0;;4.0;;;
24;25;3.0;3.0;;3.2857142857142856;2.5;3.25;2.5;2.5;;3.142857142857143;2.5;5.0;3.0;4.0;3.0;5.0;2.0;;;
25;26;3.6;4.5;3.0;3.6333333333333333;3.5;3.4444444444444446;3.4285714285714284;2.75;4.5;3.375;3.3333333333333335;;3.142857142857143;2.3333333333333335;4.5;3.4;3.1666666666666665;4.5;3.6666666666666665;4.0
26;27;4.0;;;4.428571428571429;;4.0;4.0;;;4.0;4.333333333333333;;4.0;4.0;4.0;4.0;;;;
27;28;4.2;4.5;4.0;4.357142857142857;4.25;4.2;4.0;4.0;;4.25;3.5;5.0;5.0;4.333333333333333;4.0;4.0;4.333333333333333;;;
28;29;;;;3.0;;;2.0;;2.0;3.0;;;;;;;;;;
29;30;3.7254901960784315;3.586206896551724;3.9166666666666665;3.8160919540229883;3.789473684210526;3.816666666666667;3.764044943820225;3.6875;3.6;3.791208791208791;3.816666666666667;4.25;3.7045454545454546;3.566666666666667;3.4166666666666665;3.6724137931034484;3.6153846153846154;3.6363636363636362;4.5;1.0
30;31;4.0;;;4.142857142857143;3.0;4.25;4.333333333333333;;4.5;4.25;4.166666666666667;;3.5;3.6666666666666665;3.5;4.3;;;4.0;
31;32;3.3333333333333335;3.3333333333333335;;3.8;3.6666666666666665;3.5;4.0;;;4.0;3.6666666666666665;5.0;3.2;3.5;4.0;3.3333333333333335;3.5;;;
32;33;2.75;3.3333333333333335;4.0;2.75;3.4;3.0;3.0714285714285716;;4.0;3.3333333333333335;2.5;;2.8;4.0;3.5;2.888888888888889;3.5;;;3.5
33;34;4.4;4.0;4.0;4.176470588235294;4.0;4.2727272727272725;3.8823529411764706;5.0;4.0;4.095238095238095;4.076923076923077;4.5;4.0;4.125;4.0;4.2;5.0;3.0;;
34;35;;;1.0;3.6666666666666665;5.0;2.75;2.5;;;2.75;2.6666666666666665;;5.0;;;3.75;1.0;;;
35;36;3.857142857142857;3.5;3.5;3.5833333333333335;3.0;4.0;3.588235294117647;;4.0;3.6666666666666665;3.7857142857142856;3.0;3.625;4.0;3.0;3.8181818181818183;3.0;4.0;;
36;37;5.0;4.0;5.0;4.8;;4.5;4.0;;;4.25;4.666666666666667;;;3.0;;4.666666666666667;5.0;;;
37;38;4.0;4.0;;4.40625;4.25;4.285714285714286;4.375;;4.0;4.357142857142857;4.5;;4.5;4.5;4.5;4.5;4.5;;;
38;39;3.5714285714285716;4.333333333333333;;3.7222222222222223;3.3333333333333335;3.888888888888889;4.0;;4.0;4.0;3.8333333333333335;3.0;3.8333333333333335;3.6;3.6666666666666665;3.4;4.0;5.0;;
39;40;4.5;;;;;4.5;4.5;;4.5;4.5;4.5;;;4.5;;4.5;;;5.0;
40;41;3.8333333333333335;4.0;4.0;3.8846153846153846;4.142857142857143;4.05;3.8333333333333335;3.5;;3.75;3.8181818181818183;3.5;3.8125;3.7857142857142856;4.5;4.1;3.6875;4.0;;
41;42;3.5;;;4.2;4.0;4.166666666666667;3.8;;4.0;4.285714285714286;4.0;;4.25;4.166666666666667;;3.5;3.5;3.5;;
42;43;2.857142857142857;2.5;2.0;3.1363636363636362;3.0;2.875;3.1333333333333333;3.0;3.5;3.142857142857143;3.4285714285714284;;2.5;3.4;2.0;3.142857142857143;3.0;;;
43;44;3.6666666666666665;2.0;;3.0;3.0;3.0;3.0;;;2.75;3.0;4.0;4.0;3.1666666666666665;3.5;3.0;3.0;3.0;;
44;45;3.0;;;3.5;;3.3333333333333335;2.5;;4.5;3.0;5.0;;;;;3.25;;;;
45;46;5.0;;;4.9;;5.0;5.0;;5.0;4.9;4.833333333333333;;5.0;;;;5.0;;;
46;47;3.8;;;3.7142857142857144;4.0;3.6;4.25;;4.0;3.6666666666666665;3.8;5.0;4.0;3.5;5.0;4.0;4.0;;;
47;48;3.3636363636363638;3.590909090909091;3.3333333333333335;3.625;3.7222222222222223;3.642857142857143;3.5535714285714284;4.0;3.75;3.676470588235294;3.5588235294117645;3.5;3.5555555555555554;3.5;3.4;3.5625;3.375;3.8333333333333335;3.4;3.8333333333333335
48;49;3.2857142857142856;4.333333333333333;4.5;3.4545454545454546;4.5;3.0;3.875;3.0;;4.0;3.375;5.0;3.8333333333333335;3.6;3.6666666666666665;3.8333333333333335;3.5;;;
49;50;3.25;3.5;;3.0;3.3333333333333335;3.3333333333333335;3.6;;;3.111111111111111;3.3333333333333335;3.5;3.6;;3.5;3.0;4.0;;;
50;51;;1.0;;3.5714285714285716;;4.0;3.25;3.0;;4.5;4.0;;5.0;;;3.4285714285714284;5.0;4.0;;
51;52;3.3333333333333335;4.5;;4.4;;2.3333333333333335;;;;1.0;;4.5;;;;4.0;4.0;;;
52;53;2.4;2.0;;3.0;;3.0;3.0;;1.0;2.6;3.25;;4.0;3.0;;3.5;4.0;3.0;;
53;54;;;;4.666666666666667;1.0;;4.0;4.5;;4.5;;;1.0;;;;5.0;;5.0;
54;55;2.8333333333333335;4.0;;4.142857142857143;4.0;3.1666666666666665;3.5;;;3.142857142857143;3.0;;3.0;4.0;4.0;3.0;5.0;;;
55;56;3.5;3.375;3.8;3.6481481481481484;3.466666666666667;3.5454545454545454;3.676470588235294;2.8333333333333335;4.0;3.59375;3.761904761904762;3.2857142857142856;3.3076923076923075;3.3333333333333335;3.25;3.642857142857143;3.625;2.75;4.5;
56;57;3.7333333333333334;3.5555555555555554;4.0;3.8333333333333335;3.5555555555555554;3.473684210526316;4.125;4.0;;3.3225806451612905;3.1818181818181817;4.5;3.8333333333333335;3.4285714285714284;4.0;4.0;3.6;3.0;;
57;58;3.6666666666666665;2.6666666666666665;5.0;4.25;4.5;3.5833333333333335;2.6666666666666665;4.0;;3.25;3.0;;3.6;2.5;2.0;3.3333333333333335;3.0;4.0;;
58;59;2.6666666666666665;1.5;1.5;2.95;2.5;3.7857142857142856;2.566666666666667;1.5;4.25;3.2916666666666665;4.0;1.0;2.125;3.8333333333333335;1.0;2.625;;;;
59;60;4.166666666666667;;;4.166666666666667;;4.5;4.333333333333333;;4.5;3.75;4.25;3.0;3.8333333333333335;3.8333333333333335;4.0;4.333333333333333;5.0;;;
60;61;3.125;3.7;3.75;3.3392857142857144;2.6666666666666665;3.2916666666666665;3.526315789473684;2.0;3.0;3.176470588235294;3.625;2.5;2.5714285714285716;3.2142857142857144;2.5;3.7;3.25;2.0;4.25;
61;62;4.0;;;4.1;;3.875;3.75;4.25;4.0;3.9285714285714284;4.0;4.0;3.5;4.0;;3.3333333333333335;;;1.5;
62;63;3.5;2.25;4.0;3.966666666666667;4.0;3.625;4.0;;5.0;4.25;3.4285714285714284;;4.0;4.833333333333333;5.0;4.2;;;;
63;64;3.75;;;4.0;;4.333333333333333;3.0;;;4.2;3.3333333333333335;;3.75;4.0;;;3.0;;;
64;65;2.5;4.0;2.0;4.4;4.0;4.0;4.4;;;4.0;;;;3.5;5.0;5.0;2.0;;;
65;66;2.8;3.0;;3.75;4.0;3.2;3.4;;;4.0;3.5;4.0;3.75;4.0;3.0;5.0;3.0;;;
66;67;3.2;3.3333333333333335;4.0;3.7666666666666666;3.25;3.9375;4.0;4.5;4.0;3.875;4.0;;3.6666666666666665;3.375;4.0;3.4444444444444446;3.6666666666666665;4.333333333333333;;
67;68;4.0;4.0;3.75;3.6964285714285716;3.625;3.75;3.642857142857143;;4.25;3.7;3.8333333333333335;;3.5;3.5625;;3.6;4.25;;3.5;
68;69;4.25;4.833333333333333;4.5;4.194444444444445;4.5;4.2;4.111111111111111;;5.0;4.136363636363637;4.25;;3.8333333333333335;4.333333333333333;2.5;4.375;3.0;;;
69;70;4.384615384615385;4.166666666666667;3.0;4.294117647058823;4.5;4.7;4.5;4.0;;4.4;3.857142857142857;4.5;4.75;4.333333333333333;4.0;4.4;3.5;5.0;;5.0
70;71;4.0;;;4.0;4.0;4.0;;;4.0;4.0;;;4.0;;;4.0;;;;
71;72;3.0;3.3333333333333335;;3.59375;3.5;3.3333333333333335;3.40625;;3.0;3.35;3.125;3.25;3.625;2.8;3.0;3.4285714285714284;3.0;;3.25;
72;73;3.26;3.4782608695652173;3.625;3.4350282485875705;3.1029411764705883;3.4430379746835444;3.33;2.892857142857143;3.5;3.36734693877551;3.5;3.423076923076923;3.223404255319149;3.5;3.5833333333333335;3.470149253731343;3.462962962962963;3.2083333333333335;3.7142857142857144;3.5
73;74;;;;4.0;4.0;3.0;4.2;3.0;;3.75;4.25;;4.0;4.666666666666667;4.0;4.75;4.0;;;
74;75;3.8125;3.5;4.0;3.0483870967741935;3.8333333333333335;4.125;3.0;;4.5;3.625;2.5;0.5;3.8333333333333335;3.0;3.0;2.95;3.8333333333333335;;;4.25
75;76;4.0;;3.0;3.6666666666666665;;3.6666666666666665;3.75;;;3.5;;4.5;3.5;;4.5;3.75;3.0;;;
76;77;2.9642857142857144;3.388888888888889;4.5;3.4056603773584904;3.4375;3.4166666666666665;3.5535714285714284;3.25;3.5;3.36;3.59375;3.5;2.6666666666666665;3.642857142857143;3.142857142857143;3.6153846153846154;3.125;3.5;;3.0
77;78;4.5;3.2857142857142856;3.5;4.079545454545454;4.0;4.125;4.12;4.75;4.5;4.190476190476191;3.769230769230769;5.0;4.555555555555555;3.8636363636363638;5.0;4.2;3.75;;;5.0
78;79;3.0;2.25;;2.4375;2.25;2.9166666666666665;2.5;3.0;3.0;2.9166666666666665;2.75;;3.5;2.8;;0.5;;;;
79;80;3.1666666666666665;3.0;;3.6363636363636362;4.0;3.5;3.0;4.5;;2.6666666666666665;2.6666666666666665;4.0;3.3333333333333335;3.25;5.0;2.0;3.5;4.0;;
80;81;4.142857142857143;4.333333333333333;;3.9615384615384617;4.0;4.416666666666667;4.166666666666667;4.5;4.5;4.166666666666667;4.277777777777778;4.0;4.0;4.2;4.166666666666667;3.8333333333333335;5.0;4.5;4.0;
81;82;3.25;4.0;;3.888888888888889;4.0;4.2;3.5;;3.0;4.333333333333333;4.0;3.0;3.25;3.5;3.0;3.0;3.0;;;
82;83;4.5;4.0;4.166666666666667;3.8666666666666667;4.285714285714286;4.625;4.357142857142857;3.0;4.0;4.181818181818182;3.9444444444444446;2.375;4.375;4.0625;3.6666666666666665;4.166666666666667;4.0;2.25;;0.5
83;84;3.75;3.5;;3.8125;3.6666666666666665;4.2;3.7142857142857144;3.5;4.0;3.9444444444444446;4.0;;4.0;4.0;;3.5;;;;
84;85;2.8;2.4;;3.0;3.6666666666666665;2.5833333333333335;2.9;4.0;4.0;3.25;3.3076923076923075;3.0;3.6666666666666665;3.2;4.0;2.5714285714285716;3.5;4.0;;
85;86;3.56;3.6363636363636362;3.75;3.6;3.8333333333333335;3.8;3.8181818181818183;3.3333333333333335;3.0;3.757575757575758;3.7083333333333335;3.0;3.5789473684210527;3.8461538461538463;4.0;3.6666666666666665;3.25;3.25;;3.0
86;87;3.2;3.5;;3.375;3.0;4.0;4.0;2.0;;3.4;3.5;;3.0;3.2;3.0;3.0;;4.0;;
87;88;3.230769230769231;3.7142857142857144;3.75;3.3627450980392157;3.388888888888889;3.5;3.38;4.0;3.5;3.074074074074074;3.3214285714285716;4.0;3.0;3.5416666666666665;3.0;3.3823529411764706;2.8333333333333335;;4.5;
88;89;4.25;5.0;;4.7;4.25;4.75;4.75;4.0;4.5;4.6875;4.5;;4.5;4.5;;4.5;4.25;;;
89;90;4.0;3.0;;3.533333333333333;3.5;4.0;4.142857142857143;3.5;;3.75;3.75;;4.0;3.6;5.0;4.0;4.0;2.0;;
90;91;5.0;;4.0;4.6875;4.0;4.5;4.333333333333333;;5.0;4.785714285714286;4.75;3.0;5.0;4.875;;4.25;4.0;;4.0;
91;92;2.875;3.0;3.0;3.25;3.0;2.9411764705882355;2.857142857142857;;3.0;3.142857142857143;3.7142857142857144;4.0;3.0;3.125;3.0;2.5454545454545454;3.0;;;
92;93;4.0;3.7;4.0;3.6714285714285713;3.888888888888889;3.9375;3.9705882352941178;3.5;4.5;3.892857142857143;3.909090909090909;4.0;3.625;3.5;3.5;4.05;4.0;3.5;3.0;
93;94;1.7;3.0;;3.732142857142857;2.5;3.272727272727273;3.65;;4.5;3.676470588235294;3.4545454545454546;3.75;2.3333333333333335;3.375;2.7;3.2777777777777777;3.0;1.5;3.5;
94;95;3.4166666666666665;3.857142857142857;;4.0;3.7142857142857144;3.9444444444444446;4.041666666666667;4.0;3.5;3.76;4.076923076923077;5.0;3.4545454545454546;3.8;4.333333333333333;4.0588235294117645;3.7142857142857144;4.0;;
95;96;4.0;5.0;4.0;4.35;3.6666666666666665;4.0;4.571428571428571;4.0;5.0;3.875;4.75;;4.5;4.75;;4.333333333333333;4.5;;;
96;97;2.9166666666666665;3.0;4.0;2.933333333333333;2.25;3.4444444444444446;3.5384615384615383;2.5;3.5;3.0555555555555554;3.375;;3.875;2.625;1.25;3.0625;2.5833333333333335;2.5;4.25;3.5
97;98;4.25;;3.5;3.6666666666666665;5.0;4.833333333333333;4.166666666666667;;;4.75;4.25;;4.5;;;4.3;3.5;;;
98;99;3.111111111111111;3.2222222222222223;5.0;3.8285714285714287;3.3333333333333335;3.588235294117647;3.5925925925925926;3.0;5.0;3.55;3.923076923076923;3.0;3.142857142857143;3.0;3.0;3.6875;4.333333333333333;3.0;;5.0
99;100;3.25;3.0;;3.5714285714285716;;3.3333333333333335;4.0;;;3.75;;3.0;3.3333333333333335;3.75;2.6666666666666665;3.0;;4.0;;
100;101;3.2;3.0;;3.8333333333333335;;3.4166666666666665;3.4166666666666665;;5.0;3.7142857142857144;3.5;;3.0;4.0;3.75;3.5833333333333335;3.5;;;
101;102;4.026315789473684;4.04;4.333333333333333;4.014084507042254;4.0;3.9661016949152543;3.9411764705882355;4.142857142857143;4.0;3.9444444444444446;3.877551020408163;3.75;4.133333333333334;3.923076923076923;3.857142857142857;3.840909090909091;4.2631578947368425;4.25;;3.0
102;103;2.75;4.0;;3.2333333333333334;1.5;2.25;2.5454545454545454;;;2.5;2.7857142857142856;;2.0;3.0;2.6666666666666665;2.6666666666666665;2.625;4.0;;
103;104;;4.5;;4.25;4.5;4.0;4.0;;4.0;4.125;4.0;4.0;4.25;4.0;;;;;4.0;4.0
104;105;3.22;3.1923076923076925;;3.364130434782609;3.3333333333333335;3.396551724137931;3.3125;3.8333333333333335;3.7;3.41025641025641;3.5625;3.125;3.1875;3.3666666666666667;4.0;3.433333333333333;3.230769230769231;3.8;2.5;3.5
105;106;3.0;;;3.5;2.9166666666666665;3.3333333333333335;2.25;;;2.75;3.5;;3.625;4.5;;2.5;;;0.5;5.0
106;107;;;;2.4285714285714284;2.0;5.0;2.75;;;4.75;2.5;;4.0;;;;2.5;;2.0;
107;108;4.0;5.0;;3.142857142857143;4.5;3.6666666666666665;3.0;;3.0;3.2;4.333333333333333;;3.6666666666666665;5.0;;3.0;;;;
108;109;4.0;4.0;;4.357142857142857;;4.25;4.333333333333333;;4.0;4.5;4.125;;4.5;4.0;3.5;4.5;;;;
109;110;4.416666666666667;4.0;3.0;4.029411764705882;4.666666666666667;4.357142857142857;4.285714285714286;;;4.285714285714286;4.222222222222222;4.0;4.4;4.0;4.2;4.0;4.0;;;
110;111;3.260869565217391;3.4583333333333335;3.6666666666666665;3.2777777777777777;3.25;3.6666666666666665;3.2962962962962963;2.0;3.75;3.5142857142857142;3.3666666666666667;3.5;3.40625;3.423076923076923;3.75;2.9411764705882355;2.8333333333333335;3.1666666666666665;2.5;2.75
111;112;4.0;3.5;;4.5;5.0;4.2;;;;4.2;;;3.6666666666666665;4.666666666666667;;4.0;;;;
112;113;4.8;5.0;;4.666666666666667;;4.75;5.0;5.0;;5.0;5.0;5.0;5.0;5.0;5.0;5.0;5.0;4.5;;
113;114;3.0;5.0;;4.125;5.0;4.0;4.2;;3.0;3.0;4.0;4.0;3.5;4.0;4.5;5.0;3.0;;;
114;115;4.625;;;4.2727272727272725;;4.4;4.666666666666667;;;4.1875;3.625;;5.0;3.8333333333333335;;4.0;5.0;;;
115;116;;;;4.0;;5.0;2.0;;5.0;4.916666666666667;5.0;;5.0;5.0;;;;;;
116;117;;;;4.166666666666667;3.8333333333333335;5.0;2.6666666666666665;;;4.25;3.875;;4.0;4.25;;4.5;;;;
117;118;3.5714285714285716;3.75;4.0;3.8205128205128207;3.6666666666666665;4.0;4.0;;5.0;3.75;3.9444444444444446;5.0;4.25;4.166666666666667;4.0;3.6666666666666665;3.3333333333333335;;;
118;119;3.128205128205128;3.3157894736842106;4.0;3.5193798449612403;3.4444444444444446;3.4081632653061225;3.4925373134328357;3.125;4.0;3.420289855072464;3.5833333333333335;3.857142857142857;3.161290322580645;3.6666666666666665;3.357142857142857;3.409090909090909;3.2;3.0;;2.0
119;120;3.3333333333333335;3.8333333333333335;5.0;3.34;3.4166666666666665;3.5;3.4;;;3.607142857142857;3.3636363636363638;3.0;3.5714285714285716;4.0;3.8333333333333335;3.1666666666666665;3.125;2.5;;
120;121;3.4444444444444446;4.25;3.0;4.0;4.0;4.0;3.625;;;4.0588235294117645;4.2727272727272725;;3.9;4.166666666666667;;3.8;3.0;5.0;;
121;122;2.75;4.0;;3.0625;3.0;3.1666666666666665;2.75;;;2.888888888888889;3.3333333333333335;3.0;2.6;3.0;3.0;3.0;2.0;3.0;;
122;123;;;;4.222222222222222;5.0;3.5;4.0;5.0;5.0;5.0;5.0;;5.0;;;3.3333333333333335;;;;
123;124;4.0;3.0;;3.642857142857143;3.5;4.0;3.7857142857142856;2.5;4.5;3.7857142857142856;3.5;4.0;3.75;4.5;3.0;3.375;;4.0;4.0;
124;125;3.75;4.1;4.3;4.148648648648648;3.4166666666666665;4.2;4.375;;4.5;4.363636363636363;4.1875;4.5;3.75;3.857142857142857;4.5;4.333333333333333;4.333333333333333;5.0;4.25;5.0
125;126;3.1666666666666665;3.8;3.0;3.45;4.25;3.75;3.1666666666666665;3.0;;3.7;3.857142857142857;4.0;3.2;3.75;4.0;2.75;3.0;3.0;;
126;127;4.0;;;4.111111111111111;4.0;4.0;4.0;;;4.333333333333333;4.25;5.0;4.0;3.0;5.0;4.0;;;;
127;128;3.6;4.090909090909091;5.0;3.8421052631578947;4.5;3.923076923076923;3.9615384615384617;3.5;5.0;3.727272727272727;3.619047619047619;3.0;4.25;3.8666666666666667;4.0;3.9;3.727272727272727;2.0;4.0;
128;129;2.5;4.0;;3.75;1.0;3.0;;;;3.0;;;1.0;4.0;;3.0;;;;
129;130;2.6666666666666665;3.0384615384615383;3.8333333333333335;3.0681818181818183;3.5;3.3653846153846154;3.2195121951219514;2.3333333333333335;3.4166666666666665;3.25;3.239130434782609;4.2;2.6923076923076925;3.46875;3.375;3.05;2.375;3.25;;1.5
130;131;4.0;;;4.375;;5.0;4.666666666666667;;;;4.333333333333333;;5.0;3.0;;4.5;4.0;;;
131;132;4.25;3.0;;4.233333333333333;2.0;3.8333333333333335;4.5;5.0;;4.5;4.5;4.0;4.25;;4.0;4.1;;5.0;;
132;133;1.75;2.0;2.0;2.5869565217391304;1.1666666666666667;1.4285714285714286;1.9545454545454546;2.0;0.5;1.65;1.5;1.75;2.125;2.0;1.5;3.7;2.5;;4.0;2.0
133;134;3.7941176470588234;3.9166666666666665;3.8333333333333335;3.8877551020408165;3.9444444444444446;3.923076923076923;3.7884615384615383;4.0;3.25;3.84375;3.736842105263158;4.5;3.9166666666666665;3.923076923076923;4.1875;4.181818181818182;3.4285714285714284;4.25;;
134;135;3.0;3.0;;2.3333333333333335;2.0;3.0;2.3333333333333335;;;3.5;2.5;2.0;3.0;;2.0;3.0;;;;
135;136;3.125;4.5;4.0;3.15;4.5;3.7857142857142856;2.625;;4.25;3.857142857142857;3.6666666666666665;;3.5;4.166666666666667;;2.0;3.5;;;
136;137;3.4;4.0;3.0;3.8125;3.5;3.75;3.1666666666666665;2.0;;3.909090909090909;3.875;2.0;3.3333333333333335;3.875;2.0;3.5;3.3333333333333335;;;
137;138;0.5;5.0;;3.45;5.0;3.1666666666666665;3.5;;3.5;3.4285714285714284;2.0;;3.0;2.25;3.5;3.6666666666666665;3.0;;5.0;
138;139;5.0;5.0;2.0;3.7;3.75;2.0;3.6666666666666665;;1.0;2.75;3.75;;2.0;3.5;4.5;3.875;;;;
139;140;4.5;3.3333333333333335;;4.125;4.5;3.875;3.5;;4.0;4.75;4.5;;1.5;4.5;;1.5;;3.0;;
140;141;2.0;;;3.75;;2.5;3.6666666666666665;2.0;;3.5;3.0;;;;;4.0;;;;
141;142;2.0;3.5;4.0;2.625;5.0;2.3333333333333335;3.0;;4.0;3.1666666666666665;3.5;;2.6;2.0;3.5;2.5;2.0;;;
142;143;3.75;4.333333333333333;5.0;3.3076923076923075;3.0;4.3;4.3125;2.75;4.5;4.416666666666667;4.166666666666667;4.0;3.5;3.0;2.5;1.5;3.3333333333333335;;;4.0
143;144;3.3333333333333335;5.0;;3.4285714285714284;4.0;3.8;3.3333333333333335;;3.0;3.5;3.0;2.5;3.5;3.0;3.0;5.0;4.0;;;
144;145;4.0;5.0;;4.625;4.5;3.5;4.0;;;4.142857142857143;4.4;4.0;4.0;4.5;4.0;5.0;5.0;;;
145;146;3.5;3.75;;3.590909090909091;3.75;4.166666666666667;3.5;;;3.875;3.6666666666666665;;3.0;4.083333333333333;;3.5;3.0;;;
146;147;5.0;4.5;;4.1875;;5.0;4.3;;;4.5;4.5;4.0;4.5;3.5;4.0;3.75;;;;
147;148;3.857142857142857;4.2;3.5;4.021739130434782;4.2;4.045454545454546;3.909090909090909;3.5;5.0;3.9583333333333335;4.111111111111111;3.5;3.7;4.3;3.5;4.222222222222222;3.0;3.5;;
148;149;3.857142857142857;4.0;2.0;3.7857142857142856;3.25;3.6923076923076925;3.5;4.5;4.25;3.4615384615384617;3.5555555555555554;;3.6666666666666665;3.125;;3.857142857142857;3.8333333333333335;4.5;3.3333333333333335;2.5
149;150;2.59375;2.75;2.5;2.9863013698630136;3.0;3.152173913043478;2.8863636363636362;3.1666666666666665;3.5;3.0416666666666665;2.925;3.25;2.8947368421052633;2.8846153846153846;2.888888888888889;3.16;2.65;2.8;4.0;3.0
150;151;3.7142857142857144;4.333333333333333;;3.3125;3.5;3.875;3.8333333333333335;;4.0;3.909090909090909;3.6666666666666665;4.5;3.625;3.0;4.0;3.5;4.0;;;
151;152;3.0625;3.1666666666666665;;3.240740740740741;3.625;3.6;3.433333333333333;4.0;3.0;3.3333333333333335;3.5;2.875;3.1666666666666665;3.6666666666666665;2.5;3.75;4.0;0.5;;
152;153;5.0;;5.0;4.142857142857143;5.0;5.0;4.75;;;5.0;5.0;;5.0;5.0;;5.0;5.0;;;
153;154;4.0;4.25;;3.5;4.0;4.25;4.0;3.5;;4.0;3.5;3.0;4.333333333333333;3.0;;;4.0;;;
154;155;;4.0;5.0;3.8181818181818183;4.0;3.8;4.0;;;3.5714285714285716;3.6;;5.0;4.333333333333333;;4.166666666666667;;4.0;;
155;156;5.0;5.0;0.5;4.0;;4.666666666666667;2.875;0.5;5.0;4.5;4.5;;5.0;;;2.875;2.75;;;5.0
156;157;3.2857142857142856;3.8333333333333335;2.75;3.0483870967741935;3.2222222222222223;3.236842105263158;3.380952380952381;2.5;3.8333333333333335;3.138888888888889;3.4545454545454546;3.6666666666666665;3.642857142857143;2.9285714285714284;3.4;3.1875;3.0625;;3.75;
157;158;;;1.5;4.166666666666667;;4.0;2.75;;;4.0;4.25;;;;;4.0;1.5;;;
158;159;2.9545454545454546;2.75;4.0;3.5454545454545454;3.2857142857142856;3.625;3.892857142857143;3.5;4.0;3.625;3.6578947368421053;;3.4545454545454546;3.5;3.5;3.8;3.75;4.5;;
159;160;4.0;4.5;3.0;4.16;5.0;3.8;3.7777777777777777;5.0;;4.2;3.75;5.0;4.0;4.25;5.0;4.0;4.0;;;
160;161;3.5555555555555554;3.8333333333333335;3.0;3.48;4.0;3.5;3.5454545454545454;;;3.8;3.5555555555555554;3.5;3.5454545454545454;4.0;4.0;3.625;3.3333333333333335;3.0;;
161;162;3.5714285714285716;4.0;;3.5;3.5;3.4;3.6;;;3.2;3.25;;4.333333333333333;4.0;;;3.0;;;
162;163;3.1666666666666665;4.5;;3.5;3.0;3.5;4.25;;3.5;3.5555555555555554;3.5;4.5;3.0;3.2;;4.333333333333333;4.0;1.5;4.5;
163;164;3.9166666666666665;4.0;4.0;3.738095238095238;3.3333333333333335;3.9642857142857144;3.8181818181818183;3.5;3.5;3.75;3.9375;;4.0;3.7;;3.6666666666666665;3.6666666666666665;;;4.5
164;165;2.6;2.6785714285714284;3.25;3.057142857142857;2.55;2.8260869565217392;2.891891891891892;2.75;1.0;2.9895833333333335;2.982142857142857;2.25;2.65;3.1842105263157894;3.125;3.0;3.05;2.8333333333333335;;
165;166;1.5;;;4.05;;1.5;3.0;;4.0;2.5;3.6;;1.75;4.25;4.0;3.0;;;;
166;167;5.0;5.0;;3.3333333333333335;;4.0;4.333333333333333;;;3.0;5.0;;;;;3.0;5.0;;;
167;168;3.0;3.6666666666666665;;3.2;4.333333333333333;4.0;3.142857142857143;;3.0;3.823529411764706;3.5;3.5;3.142857142857143;3.7777777777777777;2.6666666666666665;3.0714285714285716;2.6666666666666665;2.0;;
168;169;3.6666666666666665;5.0;3.5;3.8;3.25;4.2;4.166666666666667;4.5;4.5;3.9444444444444446;3.5833333333333335;5.0;3.75;4.166666666666667;5.0;5.0;4.25;;5.0;
169;170;1.0;2.5;;2.75;;2.0;2.6666666666666665;2.0;;3.0;2.75;;3.0;;;;;2.0;;
170;171;4.5;4.5;;4.571428571428571;;4.714285714285714;4.333333333333333;4.0;;5.0;5.0;;5.0;5.0;5.0;4.0;;;;
171;172;;3.0;;3.7;3.8333333333333335;4.0;4.0;;;4.375;4.25;;5.0;3.25;;4.0;;;;
172;173;3.8333333333333335;3.5;;4.166666666666667;3.5;4.25;4.0;;;3.9;3.8333333333333335;;4.0;4.285714285714286;;4.0;4.0;;;
173;174;3.3333333333333335;;;3.5833333333333335;;3.1666666666666665;3.5;;;2.8;3.125;;3.0;3.5;;3.5;;;;
174;175;3.8;3.5;4.0;3.5;3.1666666666666665;4.166666666666667;3.75;3.0;4.5;4.117647058823529;3.7142857142857144;;3.7777777777777777;3.5714285714285716;4.0;3.3333333333333335;3.0;;;
175;176;2.75;3.0;;2.6538461538461537;2.625;3.107142857142857;2.4705882352941178;3.25;4.125;2.8076923076923075;3.0;2.25;2.5625;2.75;2.375;2.8181818181818183;2.25;3.0;3.25;3.0
176;177;3.8181818181818183;3.4;;3.983050847457627;4.0;3.966666666666667;4.321428571428571;3.3333333333333335;3.0;4.0;4.071428571428571;3.0;3.8;4.083333333333333;4.2;4.090909090909091;3.5714285714285716;4.75;;3.0
177;178;3.642857142857143;3.7;3.75;3.7884615384615383;3.0;4.111111111111111;3.8333333333333335;3.5;2.5;3.8461538461538463;3.5;4.0;3.8333333333333335;4.0;3.5;4.055555555555555;4.25;;4.5;
178;179;4.5;;;3.6666666666666665;;4.5;4.0;2.5;;3.5;4.5;;;;;3.5;;;3.5;
179;180;4.0;;;3.5;;2.75;;;;3.3333333333333335;4.0;;;4.0;;2.0;5.0;;;
180;181;3.75;4.5;;4.1;;4.375;4.0;;;4.5;5.0;;4.25;;;4.0;3.0;;;
181;182;4.153846153846154;4.5;4.0;3.7804878048780486;4.0;4.142857142857143;3.7142857142857144;4.333333333333333;;3.6666666666666665;4.0;3.5;3.8461538461538463;3.75;4.0;3.764705882352941;3.6666666666666665;3.0;;
182;183;5.0;4.0;;4.0;4.5;4.5;4.8;3.0;5.0;4.2;4.5;;5.0;3.5;;;;;;
183;184;;3.6666666666666665;;3.75;4.0;3.8333333333333335;3.0;;4.0;3.8;3.25;;4.0;4.0;;3.0;;;;
184;185;3.4;3.4285714285714284;3.0;3.761904761904762;3.1666666666666665;3.238095238095238;3.272727272727273;4.0;4.5;3.52;3.7333333333333334;3.0;3.1818181818181817;4.0;3.0;3.2142857142857144;2.6666666666666665;4.0;;
185;186;;5.0;;3.6;5.0;4.0;3.7;;4.75;3.25;1.5;;2.0;;;4.0;2.0;;2.0;
186;187;3.65625;4.166666666666667;3.75;3.702127659574468;3.7666666666666666;3.6923076923076925;3.75;4.25;3.5;3.564516129032258;3.840909090909091;3.5;3.5384615384615383;3.7916666666666665;3.8333333333333335;3.909090909090909;3.6875;5.0;4.75;2.75
187;188;3.1666666666666665;3.5;;3.7037037037037037;3.3333333333333335;3.7;3.3636363636363638;;4.0;3.769230769230769;4.0;3.0;3.142857142857143;3.25;3.0;3.6666666666666665;2.6666666666666665;3.0;;
188;189;2.8333333333333335;1.3333333333333333;1.0;2.739130434782609;3.0;3.5714285714285716;2.357142857142857;3.0;5.0;3.5714285714285716;3.625;2.0;3.75;3.0;4.333333333333333;2.7777777777777777;2.6666666666666665;2.0;;
189;190;4.0;;4.0;4.166666666666667;2.5;4.25;3.8;3.0;5.0;4.333333333333333;4.0;;3.5;3.0;5.0;4.0;5.0;;;
190;191;3.0;;;3.1;2.0;4.5;3.25;;;4.0;3.0;2.0;3.6666666666666665;2.0;2.0;3.0;3.0;;;
191;192;3.3333333333333335;4.333333333333333;;3.823529411764706;3.3333333333333335;3.3333333333333335;3.75;;;3.857142857142857;4.25;;4.0;4.0;;3.2857142857142856;;;;
192;193;4.25;4.0;4.0;4.363636363636363;3.6666666666666665;4.125;4.416666666666667;5.0;3.0;4.2;4.5;5.0;3.857142857142857;4.0;4.0;4.666666666666667;4.0;;;
193;194;3.2222222222222223;4.0;;3.6;3.0;3.4285714285714284;3.6;;;3.125;3.6666666666666665;3.0;3.2857142857142856;4.0;3.0;3.0;3.5;;;
194;195;2.88;3.230769230769231;3.6666666666666665;2.989247311827957;3.608695652173913;3.085714285714286;3.0961538461538463;3.0;4.0;2.9019607843137254;3.09375;4.0;3.1;3.0;3.0;3.3142857142857145;2.5384615384615383;2.6666666666666665;5.0;3.0
195;196;2.6666666666666665;3.0;2.0;4.0;3.0;4.0;3.5714285714285716;;;4.0;4.166666666666667;;2.25;4.666666666666667;4.0;4.0;2.0;4.5;;
196;197;4.0;3.5;;4.461538461538462;4.333333333333333;4.666666666666667;4.142857142857143;;;4.625;4.4;;5.0;4.666666666666667;;4.0;3.0;;;
197;198;3.125;3.75;2.0;3.9583333333333335;5.0;3.5;3.3636363636363638;4.0;;3.642857142857143;3.5;;4.0;4.5;;4.5;1.75;5.0;;1.5
198;199;3.4444444444444446;3.8;3.75;3.682926829268293;3.5;3.764705882352941;3.84;3.5;4.0;3.8333333333333335;3.8181818181818183;3.6666666666666665;3.7857142857142856;3.7857142857142856;3.875;3.75;3.9166666666666665;4.0;3.6666666666666665;4.0
199;200;3.75;2.25;;3.28125;3.625;3.4;3.5;4.5;;3.84375;3.142857142857143;;3.5555555555555554;3.25;2.0;3.533333333333333;3.0;4.5;4.0;
200;201;4.0;4.0;;4.0;4.0;4.25;3.75;4.0;4.5;4.285714285714286;3.5555555555555554;;4.0;3.8333333333333335;2.75;3.3333333333333335;4.0;;;
201;202;4.333333333333333;4.0;;3.909090909090909;3.0;4.0;3.75;5.0;4.0;4.0;3.5;;4.0;3.0;;3.6666666666666665;5.0;;;
202;203;;4.5;;4.318181818181818;;2.0;4.666666666666667;;4.5;3.8333333333333335;3.9285714285714284;;;4.0;;4.2;;;;
203;204;2.5;2.5;;3.2857142857142856;3.75;2.6666666666666665;;4.5;;3.25;3.3333333333333335;;;3.0;4.0;;;2.5;;
204;205;3.5;3.1666666666666665;3.0;3.5;3.25;3.8125;3.7916666666666665;4.0;4.0;3.3333333333333335;3.3125;5.0;3.5;2.25;4.333333333333333;3.75;4.0;;4.5;0.5
205;206;3.0;;;3.3636363636363638;3.5;3.0;3.75;;;3.6666666666666665;3.0;;3.0;3.5;3.0;3.6666666666666665;3.0;;;
206;207;2.75;0.5;;1.625;;2.75;2.5;2.5;;1.4;0.5;0.5;3.5;0.5;4.0;3.0;0.5;;;
207;208;3.6666666666666665;3.5;4.0;4.0;3.1666666666666665;4.0;4.0;4.5;;4.5;4.333333333333333;;3.875;;3.0;4.5;;;;
208;209;2.75;2.0;;2.4285714285714284;;2.75;2.5;;;3.0;3.0;;2.3333333333333335;3.5;;2.6666666666666665;3.0;;;
209;210;2.6666666666666665;3.5;;3.111111111111111;3.1666666666666665;2.875;3.1666666666666665;;;2.8333333333333335;3.25;;2.75;2.5;2.5;3.5;;2.5;;
210;211;4.333333333333333;4.666666666666667;5.0;4.222222222222222;4.0;4.333333333333333;4.666666666666667;;;4.142857142857143;4.142857142857143;;4.333333333333333;4.285714285714286;5.0;;4.5;;;
211;212;2.861111111111111;3.357142857142857;3.2142857142857144;3.0575539568345325;3.0517241379310347;3.1;3.3;3.05;3.25;3.0342465753424657;3.1041666666666665;3.8;3.0125;3.2;3.0;3.239130434782609;2.8666666666666667;2.8333333333333335;3.25;3.5
212;213;2.641025641025641;2.2;2.5;2.5631578947368423;2.517857142857143;2.7719298245614037;2.63768115942029;2.5;2.8333333333333335;2.598360655737705;2.7777777777777777;2.5833333333333335;2.5135135135135136;2.62;3.0;2.5;2.861111111111111;2.5;2.5833333333333335;
213;214;4.6;4.8;5.0;4.205128205128205;3.7777777777777777;4.9;4.125;3.0;4.0;4.260869565217392;4.176470588235294;3.0;4.444444444444445;4.454545454545454;4.0;4.0;4.333333333333333;3.0;;
214;215;3.5;4.5;3.6666666666666665;3.933333333333333;4.5;4.2;4.0;4.0;;3.8333333333333335;4.125;;4.333333333333333;3.6666666666666665;;4.0;3.5;;;
215;216;4.75;4.333333333333333;4.75;4.321428571428571;4.166666666666667;4.625;4.4;4.0;5.0;4.5;4.25;4.0;4.75;4.1;;4.285714285714286;;;;
216;217;4.5;4.25;5.0;4.0;;4.0;4.125;;;4.875;3.0;3.5;4.5;4.5;4.166666666666667;3.9166666666666665;;;;
217;218;;3.5;3.5;4.0;3.5;4.0;3.9166666666666665;;3.5;3.875;4.25;;3.5;4.333333333333333;3.5;3.875;;;;
218;219;3.6875;3.5;3.5;3.8541666666666665;4.333333333333333;3.6785714285714284;3.5;4.0;0.5;3.8055555555555554;3.625;;3.3;3.611111111111111;3.5;3.6;4.5;4.0;;
219;220;4.0;3.6;3.0;3.547169811320755;3.357142857142857;3.933333333333333;3.5555555555555554;3.6666666666666665;4.0;3.8181818181818183;4.05;;3.9;3.9375;3.0;3.8333333333333335;2.5;3.75;;
220;221;2.5;;;2.875;;1.75;3.5;;;3.125;2.625;;2.5;2.0;3.0;;;;;
221;222;4.5;4.333333333333333;3.0;4.444444444444445;4.0;3.857142857142857;4.5;5.0;5.0;4.0;4.428571428571429;;3.8;4.571428571428571;5.0;4.5;4.0;4.75;;
222;223;4.666666666666667;3.0;;3.5;4.0;5.0;4.0;;;4.0;3.5;;4.5;4.166666666666667;5.0;4.0;3.0;;;
223;224;3.8;4.0;4.0;4.217391304347826;4.75;4.0;4.2;4.0;5.0;4.111111111111111;4.117647058823529;4.0;4.0;4.571428571428571;4.5;4.2;4.0;4.5;;
224;225;4.5;4.0;;3.75;5.0;4.0;4.0;;;3.75;4.0;;3.3333333333333335;4.0;;3.0;;;;
225;226;1.5;1.5;1.5;3.25;;;3.0;;;4.0;;3.5;;;;;2.1666666666666665;3.5;;
226;227;;;;3.0;;;1.0;;;;1.0;;;;;1.0;;;;
227;228;4.0;4.0;5.0;5.0;;4.5;4.375;;4.0;4.5;4.5;;4.5;5.0;4.75;4.5;;;;
228;229;4.5;4.5;4.5;4.0;4.5;4.5;4.375;;;4.5;;4.5;;;;4.0;4.5;;;
229;230;4.625;5.0;;4.46875;4.0;4.9;4.666666666666667;4.5;5.0;4.875;4.6;;4.25;4.0;3.5;5.0;4.5;4.5;5.0;4.5
230;231;5.0;;5.0;4.142857142857143;;4.4;5.0;;;4.142857142857143;4.125;;5.0;4.0;;3.0;5.0;;;
231;232;4.0;3.4444444444444446;4.428571428571429;3.9726027397260273;3.6923076923076925;4.25;3.985074626865672;3.4444444444444446;3.8;4.092105263157895;4.235294117647059;4.25;3.90625;4.088235294117647;4.1;4.23404255319149;3.888888888888889;3.142857142857143;5.0;
232;233;3.3333333333333335;3.25;;3.111111111111111;4.0;3.2857142857142856;3.6666666666666665;3.0;;3.25;3.0;;3.6666666666666665;3.5;;3.0;;;;3.0
233;234;2.875;;4.0;3.9444444444444446;3.875;3.5833333333333335;3.75;5.0;4.5;3.9583333333333335;3.6;;3.1666666666666665;4.083333333333333;;4.0;3.6666666666666665;;3.0;
234;235;4.357142857142857;4.5;5.0;3.935483870967742;4.416666666666667;4.0;3.966666666666667;4.0;;4.153846153846154;4.4375;5.0;4.166666666666667;4.166666666666667;5.0;3.85;4.333333333333333;;;3.5
235;236;4.5;4.071428571428571;;4.136363636363637;4.111111111111111;4.111111111111111;4.105263157894737;4.5;4.083333333333333;3.9130434782608696;4.4;;4.375;4.0;4.166666666666667;4.166666666666667;4.5;4.75;;
236;237;2.8333333333333335;3.25;;3.3636363636363638;3.5;3.8333333333333335;3.8;;4.0;4.0;3.5;3.5;4.0;3.625;3.5;;;4.0;;
237;238;3.5;;;3.3333333333333335;2.5;3.5;3.4;;;3.3333333333333335;3.75;;2.0;4.0;;3.0;3.5;;;
238;239;3.5625;3.8181818181818183;3.0;3.6818181818181817;3.857142857142857;3.473684210526316;3.7142857142857144;2.5;5.0;3.65;3.8125;4.0;3.75;3.8333333333333335;3.5;3.8125;3.5;2.5;;
239;240;3.9545454545454546;4.0;4.5;4.041666666666667;3.9545454545454546;4.0;4.176470588235294;4.125;4.25;3.9473684210526314;4.083333333333333;3.25;4.071428571428571;3.875;3.5;4.083333333333333;4.0;4.0;;4.0
240;241;3.25;3.0;;3.2857142857142856;3.0;3.4285714285714284;2.5;;;3.375;3.125;;3.5;3.0;5.0;4.0;3.0;;;
241;242;4.260869565217392;4.3076923076923075;4.5;4.534883720930233;4.733333333333333;4.410256410256411;4.380952380952381;4.0;4.5;4.468085106382978;4.6;5.0;4.461538461538462;4.642857142857143;4.8;4.571428571428571;4.285714285714286;4.0;;
242;243;3.357142857142857;3.3333333333333335;4.0;3.3660714285714284;3.4;3.5555555555555554;3.480769230769231;2.0;5.0;3.611111111111111;3.5681818181818183;3.0;3.111111111111111;3.7142857142857144;3.7857142857142856;3.21875;3.75;2.5;;
243;244;3.5;;;3.772727272727273;;4.75;4.166666666666667;;4.0;4.25;2.9;2.25;;3.75;3.0;4.25;3.5;;4.25;
244;245;4.2;3.6666666666666665;;4.25;3.0;3.4285714285714284;4.4;3.0;4.0;3.7142857142857144;2.6666666666666665;4.5;4.25;3.5;3.6666666666666665;4.6;3.0;;;5.0
245;246;3.25;4.0;;3.727272727272727;5.0;;3.4285714285714284;;;4.333333333333333;4.0;;3.0;5.0;;3.4;4.0;;;
246;247;3.076923076923077;2.8;3.0;3.6206896551724137;3.0;3.3076923076923075;3.5483870967741935;2.75;2.0;3.5416666666666665;3.6153846153846154;3.5;3.0833333333333335;3.7;3.9;3.5238095238095237;3.0;3.0;;
247;248;4.0;4.666666666666667;;4.235294117647059;4.8;4.375;4.230769230769231;3.0;5.0;4.181818181818182;4.375;;4.5;4.0;4.2;4.6;3.5;;;
248;249;4.0;;;3.142857142857143;3.0;4.0;3.6666666666666665;;;3.5;5.0;;4.0;;;3.5;4.0;;;
249;250;4.25;4.25;;4.541666666666667;4.0;3.8;4.5625;;;4.125;4.333333333333333;4.0;4.25;4.0;;4.666666666666667;4.25;;4.333333333333333;
250;251;4.625;;;4.607142857142857;5.0;4.5;4.25;4.0;4.666666666666667;4.333333333333333;4.5;4.0;4.0;4.75;;4.625;4.0;4.5;;
251;252;3.8333333333333335;3.75;5.0;3.5;3.0;3.8;3.25;;;3.75;4.0;4.0;3.5;3.6666666666666665;3.5;3.5;4.333333333333333;5.0;;
252;253;3.1875;3.5;2.75;3.627659574468085;3.9166666666666665;3.6538461538461537;4.0;3.5;4.5;3.6607142857142856;3.676470588235294;3.25;3.3;3.909090909090909;3.4375;3.6785714285714284;3.375;;;
253;254;3.611111111111111;3.5;3.3333333333333335;3.558139534883721;4.0;3.5714285714285716;3.736842105263158;4.0;3.5;3.6;3.857142857142857;2.3333333333333335;3.4166666666666665;4.0;3.0;3.769230769230769;3.5;4.0;;
254;255;4.0;3.8;4.0;3.769230769230769;4.625;3.8;3.5714285714285716;5.0;4.75;3.65;3.6666666666666665;3.625;3.8333333333333335;4.5;4.0;3.75;4.1;5.0;4.0;
255;256;3.4;4.0;;3.8;4.0;3.25;3.3333333333333335;;;3.0;3.0;;3.6666666666666665;3.5;3.0;4.0;;5.0;;
256;257;3.7;4.5;4.0;3.625;;3.6818181818181817;2.8636363636363638;;4.0;3.9615384615384617;3.625;3.0;4.625;2.1666666666666665;3.0;2.875;4.0;;;
257;258;;2.0;;4.333333333333333;;3.6666666666666665;5.0;3.0;;4.0;5.0;;3.5;4.5;4.0;5.0;;;;
258;259;4.0;5.0;;3.0;;3.5;3.75;;2.0;3.3333333333333335;3.0;;4.0;2.0;;1.0;;;;
259;260;4.333333333333333;3.5;;3.5714285714285716;3.75;3.5;3.5;;;3.5;3.1666666666666665;;5.0;5.0;3.0;3.0;5.0;;;
260;261;;;;3.6666666666666665;4.0;3.625;4.25;;2.0;4.1;2.875;;;4.0;5.0;;;;;
261;262;2.840909090909091;3.142857142857143;2.6;2.7564102564102564;2.6363636363636362;2.8076923076923075;3.0142857142857142;3.1666666666666665;3.2;2.7;2.96875;2.5833333333333335;2.6875;2.4642857142857144;2.9444444444444446;2.575;3.05;1.8333333333333333;2.5;4.0
262;263;3.111111111111111;2.75;3.3333333333333335;3.264705882352941;3.125;3.2142857142857144;3.1333333333333333;;;3.35;3.4166666666666665;3.5;3.2;3.5;3.5;3.2222222222222223;3.0;3.5;;
263;264;4.5;5.0;4.0;3.6666666666666665;4.0;4.25;4.333333333333333;;;4.25;;;5.0;;;;4.0;2.0;;
264;265;3.9;4.333333333333333;4.333333333333333;4.135135135135135;4.222222222222222;4.083333333333333;4.142857142857143;4.333333333333333;4.0;4.3125;4.3076923076923075;4.0;4.0;4.2;4.0;4.2;4.0;4.0;;
265;266;3.6666666666666665;4.5;;3.7857142857142856;3.5;4.0;3.5;;;3.75;3.4;3.0;3.25;3.25;3.0;3.0;3.0;;;
266;267;3.0;3.0;;4.4;3.25;4.125;4.357142857142857;;;4.7;4.125;;4.0;4.5;;3.75;4.0;;4.0;4.0
267;268;3.375;4.0625;4.2;3.6742424242424243;4.033333333333333;3.642857142857143;3.7714285714285714;3.8333333333333335;3.75;3.619565217391304;3.6346153846153846;2.5;3.2857142857142856;4.0;3.75;3.5952380952380953;3.5833333333333335;3.6666666666666665;;
268;269;4.0;3.0;;3.5;3.0;4.0;3.3333333333333335;4.0;4.0;3.6;3.3333333333333335;;;;1.0;4.333333333333333;;;;
269;270;3.4;4.5;4.5;3.6666666666666665;3.4;3.909090909090909;3.9615384615384617;;4.25;3.8333333333333335;3.2;;3.75;3.875;;3.6;3.75;4.0;3.6666666666666665;
270;271;4.5;4.0;;3.076923076923077;3.5;4.5;3.0;;4.0;4.1875;3.75;;4.75;4.25;3.0;2.75;2.25;;;
271;272;;;;3.3333333333333335;3.5;3.6666666666666665;4.0;;5.0;4.5;3.75;;;3.8333333333333335;4.0;;;2.0;;
272;273;4.5;5.0;5.0;4.428571428571429;5.0;4.5;4.714285714285714;;4.75;4.444444444444445;4.2;4.0;4.75;4.5;;4.75;;;;
273;274;3.625;2.25;;3.357142857142857;;3.9285714285714284;4.0;;;3.5;3.5;;4.5;2.5;3.0;4.0;3.0;3.5;;
274;275;4.375;5.0;4.0;4.586956521739131;4.5;4.555555555555555;4.166666666666667;;4.75;4.55;4.45;4.75;4.333333333333333;4.25;4.5;4.1;4.083333333333333;5.0;4.5;
275;276;1.875;1.25;;3.0;2.0;3.5;2.625;;;2.0;3.5;;1.25;3.5;;3.25;3.25;;;
276;277;;;;4.9;4.0;4.833333333333333;5.0;;4.5;5.0;5.0;;5.0;5.0;;5.0;;;;
277;278;2.5;3.5;4.0;3.823529411764706;4.333333333333333;3.0;3.8181818181818183;4.0;;4.0;4.142857142857143;;4.5;3.5;4.0;4.1;3.0;;;
278;279;3.0;3.25;;3.3333333333333335;3.75;2.8;3.5;;;3.2;2.8;3.0;2.7142857142857144;3.0;5.0;3.25;2.6666666666666665;;;
279;280;3.7142857142857144;3.6666666666666665;;4.2;5.0;3.857142857142857;4.5;;;4.166666666666667;3.5;;3.0;4.666666666666667;;4.0;;5.0;;
280;281;4.0;4.083333333333333;5.0;3.95;4.5;4.090909090909091;3.875;;3.25;4.153846153846154;4.0625;4.5;4.5;3.75;4.5;4.25;3.5;;;3.5
281;282;2.8;3.0;;3.3333333333333335;3.6666666666666665;3.35;3.1666666666666665;3.75;4.0;3.75;3.375;;2.125;3.0;;3.2;4.0;;;
282;283;3.8;3.6666666666666665;3.0;3.875;2.8125;4.0;3.7142857142857144;3.0;3.75;3.9583333333333335;4.055555555555555;4.5;3.75;3.875;5.0;3.857142857142857;3.6666666666666665;4.0;;4.0
283;284;3.2;3.0;1.0;3.3333333333333335;3.25;3.3333333333333335;4.0;;;2.4;3.2857142857142856;;3.0;3.142857142857143;4.0;3.8;1.0;3.0;;
284;285;3.107142857142857;3.076923076923077;2.5;3.1666666666666665;2.6666666666666665;3.236842105263158;3.3;2.5;5.0;3.017543859649123;3.52;3.0;3.0;3.0454545454545454;3.111111111111111;3.2758620689655173;2.25;3.3333333333333335;;
285;286;2.5;3.0;3.0;3.111111111111111;3.0;3.8;3.5;2.0;;3.0;3.3333333333333335;;3.0;2.6666666666666665;;3.5;3.0;;;
286;287;4.636363636363637;3.9285714285714284;4.333333333333333;4.5576923076923075;4.125;4.309523809523809;4.625;4.833333333333333;5.0;4.690476190476191;4.65;;4.444444444444445;4.625;4.5;4.611111111111111;4.0;4.5;5.0;
287;288;3.3333333333333335;3.6666666666666665;;3.5789473684210527;3.5;3.8;3.5;;5.0;3.8;3.4;3.0;3.6666666666666665;3.75;3.0;3.6;3.5;4.0;;
288;289;;4.0;;3.0;4.0;4.5;4.0;;;0.5;4.5;;4.0;4.0;;3.0;;;;
289;290;4.875;;;4.46875;4.0;4.166666666666667;4.230769230769231;5.0;;4.333333333333333;3.5833333333333335;;4.666666666666667;3.5;;4.6;4.333333333333333;5.0;;
290;291;4.166666666666667;4.5;4.5;4.285714285714286;4.5;3.75;4.0;;;4.153846153846154;3.875;4.0;4.333333333333333;4.5;;4.416666666666667;;;;
291;292;3.857142857142857;4.142857142857143;4.5;3.973684210526316;4.045454545454546;4.15;4.185185185185185;4.0;4.0;4.019230769230769;3.9375;4.0;3.9642857142857144;4.088235294117647;4.25;3.9285714285714284;3.75;;;
292;293;3.0;4.0;;3.6666666666666665;3.6666666666666665;3.1;4.166666666666667;;3.5;2.642857142857143;3.357142857142857;;3.0;3.142857142857143;;4.214285714285714;;;;
293;294;3.467391304347826;3.6578947368421053;3.9285714285714284;3.577639751552795;3.759259259259259;3.626984126984127;3.691860465116279;3.6153846153846154;4.0;3.6354166666666665;3.605769230769231;4.071428571428571;3.63953488372093;3.7580645161290325;3.7777777777777777;3.65;3.5416666666666665;3.7916666666666665;3.5;
294;295;4.055555555555555;4.2;3.75;4.032608695652174;4.142857142857143;3.6944444444444446;3.911764705882353;3.5;5.0;3.9285714285714284;3.8684210526315788;3.0;3.8333333333333335;4.222222222222222;4.0;3.9615384615384617;3.0;3.25;;
295;296;;;;4.166666666666667;4.75;3.75;2.5;5.0;5.0;3.75;3.75;3.5;4.5;5.0;;5.0;;;;
296;297;4.142857142857143;4.5;4.0;3.75;2.6;3.8214285714285716;3.576923076923077;5.0;;3.75;4.071428571428571;4.0;3.25;3.9;4.0;3.0;4.25;5.0;4.5;
297;298;5.0;;;5.0;5.0;4.4;5.0;;4.5;4.25;5.0;;5.0;4.5;5.0;5.0;5.0;;;
298;299;4.09375;4.2;4.2;4.163043478260869;3.65;3.9166666666666665;4.363636363636363;4.1;4.75;4.0;4.366666666666666;4.75;3.8636363636363638;3.875;4.6;4.033333333333333;4.375;4.0;4.0;4.0
299;300;3.5;3.5;;3.8;2.75;4.166666666666667;4.0;;;3.9;4.0;;3.5;3.0;;3.5;3.0;4.0;;
300;301;2.5;2.0;;2.5;;2.6666666666666665;3.5;;;3.0;2.7;;;5.0;;;;;;
301;302;2.75;3.0;;3.6666666666666665;4.0;2.75;4.0;3.0;;3.0;3.25;;2.6666666666666665;3.25;;4.0;3.0;3.0;;
302;303;3.7;4.083333333333333;4.0;3.489795918367347;3.5;3.8;3.7115384615384617;4.0;3.5;3.4166666666666665;3.1;4.5;3.75;3.409090909090909;3.8333333333333335;3.4444444444444446;3.857142857142857;3.75;;3.5
303;304;3.7857142857142856;3.125;;3.5789473684210527;3.2;3.8076923076923075;3.576923076923077;;2.5;3.95;3.9285714285714284;3.0;3.3125;3.1666666666666665;;3.5833333333333335;2.1666666666666665;5.0;1.0;5.0
304;305;1.5;1.0;4.0;2.4545454545454546;;2.6;2.7142857142857144;3.0;;3.0;3.6666666666666665;;2.0;3.0;;3.0;2.5;;;
305;306;3.1025641025641026;3.5238095238095237;4.166666666666667;3.443609022556391;3.9375;3.4705882352941178;3.27027027027027;3.8333333333333335;3.5;3.5;3.4285714285714284;3.142857142857143;3.235294117647059;3.4444444444444446;3.2;3.2363636363636363;3.0526315789473686;3.6;;
306;307;4.75;4.5;;4.5;;4.416666666666667;4.5;;;4.642857142857143;4.5;;4.5;4.5;4.0;4.75;;;4.333333333333333;
307;308;5.0;;;3.526315789473684;4.0;4.5;3.5;;3.0;3.4166666666666665;3.4285714285714284;;5.0;3.2;3.0;3.7142857142857144;;;;
308;309;4.333333333333333;3.75;5.0;4.196428571428571;4.25;4.423076923076923;4.2894736842105265;4.5;5.0;4.305555555555555;4.230769230769231;4.5;4.6;4.4;3.5;4.15;;;;
309;310;1.5;1.5;;2.0;3.0;2.5;;;;2.5;;;;;;3.0;1.5;;;
310;311;2.71875;2.6875;3.0;2.868131868131868;3.1551724137931036;2.913793103448276;2.919811320754717;3.142857142857143;3.0625;2.9038461538461537;2.8461538461538463;3.125;2.875;2.787878787878788;2.763157894736842;2.7936507936507935;2.9444444444444446;2.5;4.0;
311;312;3.6;3.111111111111111;4.0;3.38;3.6153846153846154;3.6;3.3142857142857145;2.5;3.4;3.3636363636363638;3.5;3.0;3.7857142857142856;2.8666666666666667;2.5;3.5714285714285716;4.333333333333333;3.5;;
312;313;3.4444444444444446;3.9;;3.5;3.5;3.4;3.467741935483871;4.0;3.6666666666666665;3.5185185185185186;3.590909090909091;4.5;3.625;3.6538461538461537;4.0;3.6538461538461537;3.3;3.25;2.0;
313;314;;;;5.0;5.0;5.0;;;;5.0;;;;5.0;;;;;;
314;315;1.0;4.333333333333333;4.5;3.5454545454545454;;2.6;3.75;5.0;4.0;3.0;3.3333333333333335;;1.0;1.0;;3.0;4.5;5.0;;
315;316;3.3333333333333335;3.5;;3.45;3.25;3.5;3.7142857142857144;4.0;3.8333333333333335;3.9166666666666665;3.3125;2.0;3.0;3.625;;3.8333333333333335;3.5;;3.5;
316;317;4.5;;;3.3333333333333335;3.0;2.5;3.6666666666666665;;;3.0;3.3333333333333335;3.0;3.5;3.0;3.0;4.0;4.0;;;
317;318;3.5;4.0;;3.272727272727273;4.0;3.111111111111111;3.8;3.0;3.0;2.8333333333333335;3.75;;3.4285714285714284;2.8;4.5;3.0;4.0;;;
318;319;3.2;5.0;;4.0;3.0;3.0;4.0;;;2.75;3.0;;3.25;3.6666666666666665;;;4.0;;;
319;320;3.5;3.5;;4.0;3.5;3.875;4.0;;;4.375;4.25;2.0;4.0;3.5;;5.0;;;;
320;321;3.7777777777777777;2.0;;3.526315789473684;3.5;3.9166666666666665;3.0;4.0;;3.9;4.142857142857143;5.0;3.3333333333333335;3.0;;4.0;2.5;;;
321;322;4.0;5.0;;3.6;4.666666666666667;4.25;3.1666666666666665;4.0;;4.0;4.0;;4.0;3.5;3.0;3.1666666666666665;;4.0;;
322;323;3.5;3.25;5.0;4.25;4.5;3.375;3.875;;;3.8333333333333335;3.75;;;3.25;3.5;3.875;4.25;;;
323;324;3.6666666666666665;3.75;4.25;3.590909090909091;3.5833333333333335;3.6923076923076925;3.6;;3.25;3.6363636363636362;3.6666666666666665;3.25;3.2;3.5714285714285716;;3.5;4.166666666666667;;3.25;
324;325;2.0;1.5;4.0;2.1666666666666665;1.5;1.5;2.125;;;1.25;;;1.6666666666666667;;;1.0;3.0;;;
325;326;;4.0;4.0;3.142857142857143;4.0;5.0;3.5;3.0;;3.6666666666666665;3.5;;4.0;3.5;4.0;2.0;;;;
326;327;3.75;4.0;;4.0;3.0;4.3;4.125;4.0;3.0;4.3125;3.7;;5.0;4.0;4.0;3.8;3.0;;;
327;328;3.5;3.4;2.75;3.5172413793103448;3.6666666666666665;3.3;3.2857142857142856;;3.5;3.575;3.4285714285714284;3.5;3.0714285714285716;3.8181818181818183;3.6666666666666665;3.1666666666666665;2.625;3.0;;
328;329;3.3333333333333335;;;4.0;;3.75;3.0;;;3.6;3.0;;3.0;3.6666666666666665;3.0;5.0;;5.0;;
329;330;2.7777777777777777;3.0;;3.68;3.25;2.8181818181818183;3.272727272727273;2.0;5.0;3.4166666666666665;3.7777777777777777;1.0;3.2;4.333333333333333;2.0;3.5384615384615383;2.0;2.5;3.0;
330;331;2.1666666666666665;2.75;;4.25;;3.0;3.375;;;2.0;4.0;;3.0;;5.0;;3.0;;;
331;332;5.0;5.0;;2.6666666666666665;4.5;3.5;5.0;;;3.0;3.4;;;4.5;;;;;;4.5
332;333;2.5;;4.0;4.233333333333333;3.5;4.0;4.25;4.5;4.0;4.285714285714286;4.0;;5.0;4.0;;4.125;3.3333333333333335;;;
333;334;;;;4.4;;4.5;4.0;;;4.5;4.0;;5.0;4.0;3.0;4.833333333333333;;;;
334;335;2.0;3.5;;3.5;;2.5;4.5;;3.5;2.5;;;2.25;;;3.5;;;;
335;336;3.0;4.666666666666667;5.0;3.3333333333333335;3.6666666666666665;3.75;5.0;;4.0;3.8333333333333335;3.0;3.0;5.0;5.0;1.0;3.0;5.0;;;
336;337;3.0;;;2.5;;4.0;;1.0;;2.5;4.0;;3.0;2.5;;4.0;;;;
337;338;3.0;3.5;;3.5;3.25;3.25;3.4285714285714284;;;3.2222222222222223;3.5;3.0;3.0;3.4;3.0;3.3333333333333335;3.0;4.0;;
338;339;3.875;4.5;;4.136363636363637;4.333333333333333;3.875;3.9166666666666665;;;4.142857142857143;4.125;4.5;3.75;3.0;3.0;3.625;3.0;3.5;;
339;340;;5.0;;4.25;;4.0;4.5;;5.0;3.9;2.5;;3.5;;;4.5;;;;
340;341;4.5;;3.5;4.0;;4.5;3.5;;;4.0;;;4.0;;;4.0;4.25;;;
341;342;4.7272727272727275;4.111111111111111;4.6;4.229166666666667;4.444444444444445;4.285714285714286;4.16;4.333333333333333;4.0;4.275862068965517;4.454545454545454;4.0;4.363636363636363;4.125;4.0;3.9565217391304346;4.666666666666667;4.0;;
342;343;3.25;;;4.111111111111111;3.0;4.0;4.0;;;4.222222222222222;4.0;;3.0;4.166666666666667;;3.0;4.0;5.0;;
343;344;3.25;3.888888888888889;;3.4791666666666665;3.5714285714285716;4.0;3.2222222222222223;4.0;3.0;4.038461538461538;3.7777777777777777;3.0;3.3636363636363638;3.888888888888889;3.5;3.0714285714285716;3.4;3.3333333333333335;;
344;345;3.1363636363636362;3.4285714285714284;4.0;3.6666666666666665;3.3125;3.973684210526316;3.875;;3.8333333333333335;4.119047619047619;3.90625;4.5;3.888888888888889;3.625;4.5;3.95;3.0833333333333335;4.0;;4.5
345;346;3.2857142857142856;3.2083333333333335;3.5;3.1339285714285716;3.3333333333333335;3.1136363636363638;3.2291666666666665;3.0;3.75;3.183333333333333;3.2037037037037037;;3.5416666666666665;3.4285714285714284;3.1666666666666665;3.8684210526315788;2.5625;3.3333333333333335;3.0;0.5
346;347;1.5;;;4.166666666666667;;4.75;4.0;;5.0;3.6666666666666665;;;1.5;4.5;4.0;4.0;;;;
347;348;4.0;5.0;;3.5;;3.7142857142857144;2.3333333333333335;5.0;5.0;3.9;3.857142857142857;5.0;4.333333333333333;3.75;4.5;1.0;;1.0;;
348;349;;;;3.0;3.5;3.0;3.25;;;;3.0;;;;;2.0;4.0;;4.0;
349;350;3.2;4.0;;3.8275862068965516;4.0;3.5555555555555554;3.9411764705882355;4.0;3.5;3.8;4.2;;4.0;3.2857142857142856;5.0;3.2222222222222223;4.5;2.0;;4.0
350;351;5.0;4.333333333333333;5.0;4.666666666666667;4.0;4.2;4.75;;4.0;4.375;4.5;;5.0;4.666666666666667;;5.0;5.0;;;
351;352;3.875;;;3.772727272727273;;4.0;4.0;;3.875;4.1;3.5;;4.0;4.25;3.5;3.7;4.0;;;
352;353;2.433333333333333;2.5833333333333335;1.5;2.5163934426229506;2.323529411764706;2.5517241379310347;2.485294117647059;1.8333333333333333;2.5;2.453488372093023;2.32;2.3333333333333335;2.611111111111111;2.5833333333333335;2.3333333333333335;2.369565217391304;2.2857142857142856;2.3333333333333335;3.0;
353;354;3.375;3.5;;4.125;4.0;4.285714285714286;2.0;;3.0;4.333333333333333;4.666666666666667;;4.0;3.75;;4.0;2.0;;;
354;355;3.1875;4.3;4.5;3.479591836734694;3.45;3.736842105263158;3.84;2.5;3.75;3.64;3.6;3.5;3.1923076923076925;3.727272727272727;4.0;3.8;3.25;;;2.0
355;356;;;;3.8333333333333335;;5.0;0.5;;;4.25;2.0;;;4.25;;;;;;
356;357;4.6;4.0;;4.2727272727272725;5.0;4.5;5.0;;5.0;4.333333333333333;4.2;;3.0;4.2;;4.0;;;;
357;358;2.9411764705882355;3.391304347826087;4.0;3.292682926829268;3.4615384615384617;3.46;3.3676470588235294;2.909090909090909;3.6666666666666665;3.3676470588235294;3.2666666666666666;4.0;3.59375;3.28;3.0;3.4901960784313726;3.2941176470588234;2.6;;
358;359;3.8333333333333335;4.166666666666667;;3.730769230769231;4.5;4.2;3.75;3.0;3.5;3.75;3.75;3.0;3.0;;;3.9;;;;
359;360;4.0;4.0;;3.2;3.3333333333333335;4.333333333333333;3.4;;;4.0;4.75;4.0;3.3333333333333335;;;3.0;2.0;;;
360;361;3.3333333333333335;3.2;3.0;3.7777777777777777;3.4;3.5714285714285716;3.1666666666666665;3.5;;4.111111111111111;3.4;3.0;3.3333333333333335;4.2;3.3333333333333335;3.6666666666666665;3.75;4.0;;5.0
361;362;4.0;3.1666666666666665;;3.8095238095238093;3.5;4.0;3.5;3.5;3.5;3.7857142857142856;3.888888888888889;3.0;3.625;3.375;3.5;3.25;3.0;3.5;;2.5
362;363;3.5454545454545454;3.8333333333333335;5.0;3.5348837209302326;4.25;3.909090909090909;3.6666666666666665;4.0;;3.7;3.8461538461538463;5.0;4.076923076923077;4.0;4.0;3.066666666666667;3.25;4.0;;
363;364;4.75;;;2.9166666666666665;4.5;2.3333333333333335;3.5;;1.5;4.5;2.1666666666666665;;4.5;;;2.75;4.5;;;
364;365;4.5;4.0;;4.35;4.5;4.416666666666667;4.5;5.0;5.0;4.571428571428571;4.0;4.5;5.0;4.25;5.0;4.375;;;5.0;
365;366;3.1666666666666665;3.5;;2.75;4.5;3.5;3.9;3.0;3.0;4.0;4.25;;3.0;4.0;;3.125;;;;
366;367;3.3125;4.25;;3.193548387096774;3.3333333333333335;3.4583333333333335;3.473684210526316;2.25;;3.264705882352941;3.0384615384615383;3.0;3.5;3.642857142857143;3.0;3.5294117647058822;3.0;4.0;3.25;
367;368;3.0;;3.0;3.4;;3.5;2.6666666666666665;;;4.0;4.0;;;4.0;3.0;3.3333333333333335;2.5;3.0;;
368;369;3.75;4.333333333333333;;4.133333333333334;4.0;4.0;3.6666666666666665;;3.0;4.125;4.0;3.0;3.4;4.0;3.0;4.0;3.0;;;
369;370;3.375;4.5;4.25;3.847826086956522;4.5;3.8;4.181818181818182;;4.166666666666667;3.8666666666666667;3.9375;;3.0;3.5;5.0;3.9166666666666665;4.0;4.0;;3.5
370;371;4.0;4.25;;4.1;4.25;3.625;4.0;3.0;1.5;3.8181818181818183;4.0;;4.25;3.6666666666666665;;3.75;4.5;;;
371;372;4.0;;2.0;3.75;4.0;3.5;4.0;;;3.75;3.75;;2.0;;;3.8;4.0;4.0;;
372;373;3.2;3.4;3.6666666666666665;3.630434782608696;3.25;3.6666666666666665;3.68;4.0;;3.6956521739130435;3.5384615384615383;;3.4;3.7;3.6666666666666665;3.4705882352941178;2.6666666666666665;4.0;;
373;374;;;;2.6666666666666665;3.0;1.0;4.0;;1.0;2.0;3.0;;;3.0;;4.0;;;;
374;375;4.0;;;3.1666666666666665;3.0;4.666666666666667;4.0;;4.0;3.75;3.3333333333333335;;3.6666666666666665;2.5;;5.0;3.0;;;
375;376;4.333333333333333;4.5;4.5;4.416666666666667;3.75;3.0;3.888888888888889;5.0;5.0;4.0;4.0;;3.6666666666666665;4.333333333333333;;4.0;4.333333333333333;;;
376;377;;;;4.0;5.0;;4.0;;;3.5;4.25;4.0;5.0;3.75;4.0;3.5;;;;
377;378;2.75;3.75;3.5;3.0;4.0;3.0;3.6875;0.5;;2.727272727272727;2.5714285714285716;;4.0;2.6666666666666665;;2.0;3.375;;3.5;3.5
378;379;4.5;;;3.75;4.0;4.333333333333333;3.75;3.75;4.0;3.2857142857142856;2.5;;4.5;2.0;;4.5;;;;
379;380;3.0576923076923075;3.3125;4.0;3.2478991596638656;3.5;3.3020833333333335;3.3684210526315788;2.6666666666666665;3.4166666666666665;3.3412698412698414;3.3048780487804876;3.4;3.2758620689655173;3.46;3.375;3.236842105263158;3.25;3.3333333333333335;3.5625;3.5
380;381;2.8;3.0;;3.8823529411764706;4.666666666666667;3.2222222222222223;3.6666666666666665;;5.0;3.3;3.6666666666666665;;2.6666666666666665;4.0;3.0;4.333333333333333;2.0;5.0;;
381;382;4.166666666666667;3.0;3.3333333333333335;3.238095238095238;2.6818181818181817;3.6;2.9;3.0;3.5;3.35;3.236842105263158;3.0;3.2222222222222223;3.5357142857142856;3.0;3.9;3.375;4.5;2.0;
382;383;3.5;3.6666666666666665;;3.090909090909091;4.0;4.0;3.7142857142857144;;3.0;3.7;3.5;3.0;4.0;3.7142857142857144;3.0;3.6666666666666665;3.0;2.5;;
383;384;2.861111111111111;2.8125;3.5;3.3333333333333335;2.9166666666666665;2.9655172413793105;3.1166666666666667;2.75;4.25;3.0675675675675675;3.0925925925925926;3.25;2.6944444444444446;3.34375;3.142857142857143;3.238095238095238;3.1923076923076925;3.0;3.5;3.75
384;385;3.272727272727273;3.0;;3.5517241379310347;3.4;3.533333333333333;3.5;;4.0;3.3684210526315788;3.727272727272727;3.5;3.4615384615384617;3.0;4.0;3.4444444444444446;3.3333333333333335;3.0;;
385;386;2.0;;4.0;3.2222222222222223;2.5;3.0;3.8;2.0;3.0;2.875;3.5;4.0;1.6666666666666667;3.0;3.3333333333333335;3.0;4.0;4.0;;
386;387;4.5;4.5;4.428571428571429;4.298245614035087;4.375;4.368421052631579;4.305555555555555;4.75;4.0;4.5;4.466666666666667;4.0;4.4375;4.357142857142857;4.0;4.304347826086956;4.375;5.0;;
387;388;3.6216216216216215;3.6904761904761907;4.071428571428571;3.802325581395349;3.5576923076923075;3.8771929824561404;3.7142857142857144;3.423076923076923;4.0;3.668831168831169;3.6470588235294117;2.8;3.5681818181818183;3.642857142857143;3.8333333333333335;3.8777777777777778;3.6333333333333333;3.7222222222222223;;2.8333333333333335
388;389;3.375;3.5;;3.411764705882353;4.0;3.4;3.857142857142857;;;3.0833333333333335;3.111111111111111;4.0;3.7142857142857144;3.3333333333333335;4.333333333333333;3.25;4.0;;;
389;390;3.1578947368421053;2.857142857142857;3.0;3.324324324324324;3.2222222222222223;3.4;3.4285714285714284;1.0;3.0;3.1904761904761907;3.25;3.0;3.210526315789474;3.4545454545454546;3.0;3.5555555555555554;2.6666666666666665;3.0;;
390;391;3.6666666666666665;3.142857142857143;4.666666666666667;3.52;3.3333333333333335;3.2857142857142856;3.6153846153846154;4.0;3.0;3.3529411764705883;3.25;4.0;4.0;3.0;4.0;3.4;4.5;;;
391;392;4.0;;;3.0;;3.1666666666666665;3.25;;;2.75;;;2.5;;;3.0;;;3.0;
392;393;2.75;3.5;2.8333333333333335;3.3333333333333335;3.75;2.6;2.9285714285714284;4.0;1.5;3.0;3.4166666666666665;;3.1666666666666665;2.5;3.25;4.0;2.8333333333333335;3.0;;
393;394;3.8;2.75;3.0;3.046875;2.75;3.375;3.1904761904761907;4.0;2.0;3.175;3.6666666666666665;;3.25;3.3;3.0;3.1363636363636362;3.25;;4.0;
394;395;3.0;3.5;;3.5;;3.5;2.0;;1.0;3.5;3.0;;;5.0;;;5.0;;;
395;396;2.9166666666666665;3.8;3.5;3.2195121951219514;3.0;3.3636363636363638;3.4615384615384617;2.0;;3.227272727272727;3.5;3.5;2.7;3.4285714285714284;3.0;3.2222222222222223;3.6;4.0;;
396;397;4.0;3.5;;3.8333333333333335;3.5;3.8333333333333335;4.0;3.0;4.25;3.75;4.166666666666667;3.0;3.25;3.0;3.5;3.0;3.75;;;
397;398;4.5;4.0;;4.0;4.0;4.0;4.0;;;3.8;3.6666666666666665;4.0;4.25;4.0;4.0;4.0;;;;
398;399;2.0;;;3.5;3.0;3.5;2.5;;;3.5;;;3.5;3.0;;3.5;;4.0;;
399;400;3.5;3.5;;3.466666666666667;3.75;3.857142857142857;3.8;;3.0;3.5454545454545454;3.6;3.5;3.5714285714285716;4.0;3.0;3.0;4.0;;;
400;401;4.6;4.6;;4.642857142857143;3.6666666666666665;4.666666666666667;3.5;;;4.25;4.75;;3.5;4.0;3.3333333333333335;4.75;4.5;5.0;;
401;402;3.7857142857142856;3.8333333333333335;3.5;3.765625;3.75;3.857142857142857;3.772727272727273;3.875;3.8;3.638888888888889;3.6;3.75;3.6666666666666665;3.642857142857143;4.0;3.8333333333333335;3.8;4.5;4.0;
402;403;3.0;3.0;;4.0;;3.6666666666666665;;;;3.6666666666666665;5.0;;3.0;3.0;5.0;;;3.0;;
403;404;4.0;4.0;;4.5;4.0;4.0;4.0;;4.0;4.0;4.0;;4.0;4.0;4.0;4.0;3.0;;;
404;405;3.6904761904761907;3.5;4.0;3.830357142857143;2.9545454545454546;3.8095238095238093;3.736111111111111;3.25;4.666666666666667;3.85;3.764705882352941;5.0;2.909090909090909;4.0;3.5;4.033333333333333;3.5;3.875;3.5;
405;406;3.5;4.0;;4.277777777777778;4.25;4.7;4.625;;4.625;4.25;4.4;4.5;4.0;5.0;4.5;3.8333333333333335;;;;
406;407;4.142857142857143;4.25;4.0;4.163793103448276;4.136363636363637;4.269230769230769;3.9565217391304346;4.3;4.875;4.266666666666667;4.333333333333333;4.0;4.388888888888889;4.461538461538462;4.0;4.0;3.75;4.5;;3.0
407;408;3.8333333333333335;3.9;4.0;3.4166666666666665;3.125;4.035714285714286;3.8461538461538463;2.0;2.0;3.9393939393939394;4.095238095238095;3.5;3.5454545454545454;3.533333333333333;2.5;3.7142857142857144;4.0;;;
408;409;3.6666666666666665;3.3333333333333335;4.0;4.0;5.0;4.416666666666667;3.857142857142857;;;4.6;4.375;3.5;4.166666666666667;3.6666666666666665;3.0;5.0;3.6666666666666665;4.0;;
409;410;3.375;;;3.6;4.5;3.2;2.8333333333333335;4.5;5.0;3.9375;4.25;;1.6666666666666667;4.5;;;4.0;;;
410;411;3.75;3.0;;3.6666666666666665;3.0;4.333333333333333;4.0;;;4.0;4.0;;3.6666666666666665;3.0;4.0;3.5;4.5;;;
411;412;2.3333333333333335;3.1666666666666665;;2.823529411764706;2.4444444444444446;2.9;2.9523809523809526;3.0;4.0;2.736842105263158;3.2222222222222223;;2.7777777777777777;3.1;3.0;2.642857142857143;3.25;3.0;3.0;
412;413;3.75;3.0;;3.75;3.0;3.6666666666666665;;;;3.5;3.0;;4.0;3.4;4.0;;;4.0;;
413;414;2.6666666666666665;2.0;3.0;2.4615384615384617;;2.2;2.4285714285714284;3.0;3.0;2.4;2.5;3.5;3.0;2.0;1.0;2.25;2.0;3.6666666666666665;;
414;415;3.5;;;3.5;3.0;3.0;3.6666666666666665;;;3.3333333333333335;3.25;5.0;3.5;3.0;5.0;5.0;3.0;;;
415;416;3.230769230769231;3.142857142857143;3.0;3.3333333333333335;3.3333333333333335;2.769230769230769;3.3333333333333335;;3.0;3.235294117647059;3.4545454545454546;;3.272727272727273;3.5714285714285716;3.6666666666666665;3.5454545454545454;3.25;;;
416;417;3.75;3.0;3.0;3.6052631578947367;3.25;4.0;4.0;;4.0;4.038461538461538;4.071428571428571;4.0;3.9;3.25;0.5;4.25;2.75;3.5;;
417;418;3.3;3.6666666666666665;4.0;3.578125;2.6666666666666665;3.95;3.8636363636363638;3.25;5.0;3.6875;3.5833333333333335;;3.5;3.3125;;3.8125;3.125;;2.0;1.5
418;419;4.0;;;3.6818181818181817;4.5;4.5;3.6875;3.25;3.5;3.8333333333333335;3.6;3.5;4.0;3.5;3.0;3.6;3.25;;;
419;420;;3.5;3.0;3.7083333333333335;3.5;3.4;3.2;2.6666666666666665;;3.6363636363636362;4.0;3.0;3.3333333333333335;4.5;;3.6666666666666665;3.0;3.0;;
420;421;2.6;2.6666666666666665;;3.25;3.3333333333333335;3.0;3.1666666666666665;;;3.4;2.75;3.0;2.8;3.0;3.0;3.5;2.0;;;
421;422;4.0;3.6666666666666665;4.0;3.9444444444444446;3.25;4.555555555555555;4.125;;4.0;4.133333333333334;4.125;5.0;4.25;3.5;;3.8333333333333335;3.6666666666666665;5.0;;
422;423;3.2916666666666665;3.9166666666666665;4.0;3.6222222222222222;3.0;3.82;3.5357142857142856;3.5;4.3;3.75;3.8043478260869565;4.25;3.75;3.3333333333333335;3.75;3.55;3.6666666666666665;2.5;3.5;4.5
423;424;4.5;3.0;;3.75;3.0;3.1666666666666665;4.0;;;3.5;3.8333333333333335;;3.75;4.0;;4.0;;;;
424;425;2.6666666666666665;3.5;;4.0;;3.1;3.388888888888889;;4.25;3.0833333333333335;3.75;;;3.25;3.0;4.0;;;;
425;426;2.9166666666666665;2.125;;3.673076923076923;3.5;3.5555555555555554;3.6818181818181817;;4.0;3.5357142857142856;3.875;3.5;2.5833333333333335;3.3333333333333335;3.25;3.5;3.0;;3.5;4.5
426;427;3.4545454545454546;4.142857142857143;4.3;3.903225806451613;4.35;3.5357142857142856;4.0;3.75;4.25;3.9523809523809526;3.65;3.8333333333333335;3.8461538461538463;4.333333333333333;3.3333333333333335;3.9166666666666665;4.142857142857143;3.0;5.0;3.75
427;428;4.166666666666667;4.5;3.0;3.8333333333333335;4.25;4.615384615384615;3.875;2.75;4.5;4.2;3.9642857142857144;2.5;4.0;4.357142857142857;3.6;4.1875;3.25;3.0;4.5;
428;429;3.0;4.0;4.0;2.3333333333333335;;2.0;2.3333333333333335;;2.0;1.25;2.5;;;0.5;;;;;;
429;430;4.0;3.8;;3.877551020408163;4.071428571428571;4.125;3.840909090909091;1.75;4.0;3.8958333333333335;4.0;2.9166666666666665;4.0;3.9285714285714284;3.0;3.9615384615384617;4.5;4.5;2.5;4.0
430;431;4.2272727272727275;4.3125;3.625;4.1477272727272725;4.125;4.166666666666667;4.089285714285714;4.125;4.25;4.05;3.8;3.8333333333333335;4.6875;4.454545454545454;4.5;4.166666666666667;3.8;;;4.0
431;432;4.5;4.333333333333333;;4.291666666666667;4.0;4.416666666666667;4.916666666666667;4.5;;4.277777777777778;3.9;;5.0;;4.0;4.833333333333333;4.0;;5.0;
432;433;3.5;4.5;3.5;3.9482758620689653;3.75;4.285714285714286;4.0;4.0;5.0;3.973684210526316;4.3076923076923075;4.5;3.1666666666666665;3.642857142857143;4.25;3.75;5.0;4.0;5.0;5.0
433;434;3.5555555555555554;3.7142857142857144;3.0;3.7333333333333334;3.6;3.9;3.2941176470588234;4.0;;3.7333333333333334;3.8636363636363638;1.0;3.857142857142857;3.6923076923076925;3.0;3.727272727272727;3.0;4.5;;
434;435;;4.0;;4.2;4.0;4.5;5.0;3.0;;5.0;5.0;;;5.0;;3.0;;;;
435;436;4.6;4.0;3.0;4.277777777777778;3.6;4.2;4.5;4.666666666666667;;3.923076923076923;3.875;;4.0;4.2;4.5;4.25;;5.0;;
436;437;3.75;4.0;;4.166666666666667;3.5;4.125;3.5;3.0;;3.8;4.2;;3.6666666666666665;3.5;;3.5;;3.0;;
437;438;;;;4.75;4.0;4.5;;;4.0;4.625;4.5;;5.0;;;;;;;
438;439;3.3333333333333335;3.0;3.75;3.1666666666666665;3.0;2.9523809523809526;3.130434782608696;4.0;;2.8636363636363638;2.9166666666666665;;3.230769230769231;2.7777777777777777;3.3333333333333335;2.769230769230769;3.4;3.6666666666666665;;2.0
439;440;3.5;4.0;;3.888888888888889;3.5;4.333333333333333;4.0;;3.0;4.333333333333333;3.6666666666666665;;3.5;3.3333333333333335;;;4.0;;;
440;441;3.8;3.3333333333333335;;3.85;4.25;4.428571428571429;3.8666666666666667;2.5;5.0;4.25;4.0;;4.125;4.0;;3.7941176470588234;2.5;4.5;;
441;442;3.875;4.25;4.5;4.188888888888889;4.357142857142857;3.8125;4.325;;4.333333333333333;4.1923076923076925;4.264705882352941;3.75;4.0;4.545454545454546;4.375;4.208333333333333;4.4;1.0;;
442;443;;;;5.0;;4.75;5.0;;5.0;4.75;5.0;;;4.5;;5.0;;;;
443;444;;;;1.0;;;3.0;;;;;;;;;;;;;
444;445;;;;4.75;;3.5;;4.5;;4.125;;;4.5;2.5;;;;;;
445;446;4.0;;;5.0;;5.0;;5.0;4.5;5.0;;;;;;4.0;;;;
446;447;3.090909090909091;3.3333333333333335;;3.1739130434782608;3.0;3.0;3.4285714285714284;;2.0;3.0625;3.090909090909091;3.0;3.142857142857143;3.4285714285714284;3.0;3.1666666666666665;3.5;4.0;;
447;448;;;;;;5.0;;;5.0;5.0;;;;5.0;;;;;;
448;449;4.0;4.0;;4.571428571428571;5.0;4.333333333333333;4.0;;;4.666666666666667;4.333333333333333;;4.333333333333333;4.666666666666667;;5.0;;;;
449;450;4.25;5.0;;4.576923076923077;;4.222222222222222;4.6;;2.75;4.181818181818182;4.454545454545454;;5.0;4.25;;4.5;;;3.5;
450;451;3.3333333333333335;4.5;5.0;3.5454545454545454;;3.0;4.0;4.0;5.0;3.0;3.75;;;3.0;;4.0;5.0;4.0;;
451;452;3.0238095238095237;3.1379310344827585;3.5416666666666665;3.2616822429906542;3.272727272727273;3.10752688172043;3.3660714285714284;3.1578947368421053;3.5625;3.1068702290076335;3.1455696202531644;3.75;3.1076923076923078;3.0348837209302326;3.4285714285714284;3.3285714285714287;3.18;3.2777777777777777;3.5;3.0
452;453;2.6666666666666665;2.5;;3.6666666666666665;3.0;2.6;3.2857142857142856;3.0;;3.2222222222222223;3.6;;3.75;4.5;;3.3333333333333335;3.0;4.0;;
453;454;5.0;;;4.071428571428571;;5.0;4.2;;;4.583333333333333;4.125;;5.0;4.0;;4.0;;;;
454;455;3.0;3.0;;3.8333333333333335;3.5;3.8333333333333335;3.5;;;4.0;4.0;;3.75;4.0;;3.5;3.0;;;
455;456;;;;3.5;;4.333333333333333;5.0;3.5;4.0;4.166666666666667;3.5;;;4.25;;;;;;
456;457;2.5961538461538463;2.923076923076923;2.5;2.5876288659793816;2.5;2.717948717948718;2.606382978723404;2.0;2.625;2.564814814814815;2.828125;1.75;2.875;2.261904761904762;2.4545454545454546;2.72;2.433333333333333;2.7;3.0;2.5
457;458;3.5;3.5;;3.5;4.333333333333333;3.7;3.25;2.5;3.75;3.75;3.0;;3.5;3.25;;3.5833333333333335;3.5;;;
458;459;4.0;;;4.75;4.0;4.5;5.0;;;4.666666666666667;;2.0;4.0;5.0;2.0;4.0;5.0;5.0;;
459;460;3.85;3.642857142857143;4.125;3.9622641509433962;3.25;3.675;3.92;4.25;3.8333333333333335;3.909090909090909;3.6923076923076925;4.0;3.4615384615384617;3.75;;3.933333333333333;4.3;3.75;;4.0
460;461;2.5853658536585367;2.5;3.9;2.7807692307692307;2.9523809523809526;2.736842105263158;2.7903225806451615;2.1666666666666665;3.5;2.8795180722891565;2.8;2.9166666666666665;2.6714285714285713;2.6176470588235294;2.8636363636363638;2.697674418604651;3.0357142857142856;2.5;4.0;1.0
461;462;3.1666666666666665;3.125;;3.3947368421052633;2.5;2.9166666666666665;3.125;;;3.1818181818181817;3.4166666666666665;3.5;2.5;3.7;;3.0;3.0;2.0;;
462;463;3.0454545454545454;3.142857142857143;4.0;3.255813953488372;3.3076923076923075;3.2142857142857144;3.268292682926829;;3.5;3.357142857142857;3.1538461538461537;3.0;2.857142857142857;3.6153846153846154;3.0;3.272727272727273;3.0;2.75;2.5;2.5
463;464;3.8;;;4.375;5.0;5.0;4.166666666666667;;;4.75;4.5;;4.0;4.75;;4.0;4.0;4.0;;
464;465;4.5;5.0;3.5;3.7;4.166666666666667;3.625;4.7;;;3.2;2.25;1.0;4.0;5.0;1.0;5.0;3.5;;;
465;466;3.857142857142857;3.5555555555555554;4.333333333333333;3.9206349206349205;3.75;3.9166666666666665;3.5384615384615383;4.0;4.333333333333333;3.966666666666667;3.6315789473684212;3.5;3.9285714285714284;3.9;3.4;3.6666666666666665;3.3333333333333335;3.5;;
466;467;4.25;4.0;3.0;3.7333333333333334;4.2;3.3333333333333335;4.125;;4.0;3.5555555555555554;3.875;;4.5;3.0;5.0;4.0;3.0;;;
467;468;3.0096153846153846;2.9054054054054053;3.409090909090909;2.9617486338797816;3.2;3.0555555555555554;2.9904761904761905;3.0;3.25;2.9947368421052634;3.024193548387097;2.75;2.956896551724138;2.8055555555555554;2.9761904761904763;3.0;2.8214285714285716;3.3125;2.5;3.25
468;469;4.5;;;3.3333333333333335;4.5;3.25;3.5;2.0;;4.5;2.0;;4.5;;;3.0;;2.0;;
469;470;2.875;;;3.6666666666666665;3.25;3.2777777777777777;3.6666666666666665;3.0;4.5;3.3333333333333335;4.0;0.5;2.875;;0.5;3.5;;;;
470;471;3.5;3.5833333333333335;3.5;3.621212121212121;3.1666666666666665;3.7857142857142856;3.75;3.3333333333333335;3.3333333333333335;3.625;3.6875;3.0;3.75;3.7;3.625;3.730769230769231;3.5;3.5;;4.0
471;472;3.730769230769231;3.8863636363636362;4.318181818181818;3.8740458015267176;4.0;3.775;3.7279411764705883;3.590909090909091;3.7777777777777777;3.9714285714285715;3.980392156862745;4.285714285714286;3.8636363636363638;4.017241379310345;4.3;4.014705882352941;4.166666666666667;4.083333333333333;4.0;4.0
472;473;5.0;4.5;;3.6666666666666665;4.375;4.333333333333333;4.75;;;4.083333333333333;4.375;;4.666666666666667;4.166666666666667;;3.75;;5.0;;
473;474;4.5;3.6666666666666665;4.0;4.4;4.0;3.75;3.857142857142857;;3.0;4.25;4.333333333333333;4.0;4.0;4.0;4.0;4.5;4.0;;;
474;475;1.9615384615384615;3.1;1.5;2.965909090909091;2.588235294117647;3.175;2.926470588235294;2.8333333333333335;2.9166666666666665;3.2;3.06;3.375;3.0;3.0;3.2;3.1052631578947367;2.4;;3.75;1.0
475;476;;;;3.4285714285714284;3.0;4.0;5.0;2.0;;4.0;4.333333333333333;;3.0;;5.0;4.0;;4.0;;
476;477;0.5;;;3.8;3.3333333333333335;0.5;4.0;4.0;;2.625;4.5;;0.5;2.5;;4.0;;;;
477;478;4.0;4.5;;4.5;;4.875;4.333333333333333;;5.0;4.8125;4.666666666666667;;4.5;4.5;;4.5;4.0;3.5;;4.0
478;479;3.6666666666666665;3.5;3.75;4.038461538461538;4.0;4.0;4.3;;2.0;3.7916666666666665;3.7142857142857144;;4.125;4.25;4.0;4.75;;;5.0;
479;480;4.083333333333333;4.3;;4.069767441860465;4.071428571428571;4.0476190476190474;4.048387096774194;5.0;3.75;4.155172413793103;4.026315789473684;3.5;3.9545454545454546;3.8636363636363638;3.75;4.15;4.416666666666667;4.0;4.1;4.0
480;481;3.9705882352941178;4.444444444444445;4.0;4.2745098039215685;4.083333333333333;4.045454545454546;4.258620689655173;4.583333333333333;4.75;4.1;4.309523809523809;4.428571428571429;4.222222222222222;4.375;4.1875;4.090909090909091;4.333333333333333;4.833333333333333;3.8333333333333335;5.0
481;482;3.25;2.0;;4.0;3.75;5.0;3.0;;;4.5;3.0;;2.6666666666666665;4.5;4.0;4.0;3.5;;;
482;483;4.375;4.0;;4.233333333333333;2.8333333333333335;3.5555555555555554;3.8333333333333335;5.0;4.5;3.9;3.625;3.5;3.6666666666666665;3.1666666666666665;5.0;4.571428571428571;3.75;;5.0;4.0
483;484;4.5;;;3.3333333333333335;5.0;4.0;4.0;;;4.333333333333333;4.0;;5.0;4.5;;5.0;4.0;2.0;;
484;485;3.0;;;;;3.5;3.1666666666666665;;;3.5;3.5;3.5;3.0;;;;2.5;;;
485;486;4.416666666666667;4.333333333333333;4.5;4.076923076923077;4.0;4.25;4.0625;4.0;4.5;3.857142857142857;4.1;2.5;4.0;4.666666666666667;3.0;4.375;4.375;4.0;3.5;3.0
486;487;3.7142857142857144;4.181818181818182;4.0;3.9148936170212765;4.2;3.9444444444444446;3.823529411764706;;3.0;3.8518518518518516;3.9047619047619047;;3.7857142857142856;3.727272727272727;3.5;3.9375;3.4;;;
487;488;4.25;;;4.166666666666667;;3.9;4.0;;3.5;3.9;4.4;;3.75;3.0;;4.0;;;;
488;489;3.0;3.5;;4.0;4.0;3.3333333333333335;3.0;;5.0;5.0;4.0;;;5.0;;3.0;;;;
489;490;3.75;3.6666666666666665;;3.0;4.0;4.0;3.0;;;3.0;4.0;;4.0;3.0;4.0;4.0;;;;
490;491;3.75;3.0;;3.8333333333333335;3.0;3.4;3.75;;;3.2;3.5;3.0;3.0;3.3333333333333335;3.0;3.6;4.0;;;
491;492;3.5555555555555554;4.0;4.0;3.1875;3.0;3.6666666666666665;3.4444444444444446;5.0;1.0;3.2666666666666666;3.727272727272727;5.0;3.0;3.0;4.0;3.5714285714285716;4.0;3.5;;
492;493;3.6666666666666665;3.5;1.0;3.3846153846153846;3.6666666666666665;3.4545454545454546;3.4166666666666665;3.0;4.0;3.5;2.857142857142857;;3.6666666666666665;3.2857142857142856;;3.25;3.2;3.3333333333333335;;
493;494;4.0;4.0;4.25;4.1875;;4.357142857142857;4.25;2.5;;4.318181818181818;4.2;;4.166666666666667;4.1;;4.3;3.75;;4.0;
494;495;3.75;4.5;;4.125;;3.6666666666666665;4.0;;;3.25;3.5;5.0;3.5;3.0;5.0;3.5;3.0;;;
495;496;4.583333333333333;4.142857142857143;;3.857142857142857;3.8333333333333335;4.153846153846154;4.0;;;4.0;4.153846153846154;5.0;4.416666666666667;3.7142857142857144;4.75;3.727272727272727;4.25;;;
496;497;4.25;4.5;;3.9565217391304346;3.0;3.75;3.5454545454545454;4.5;4.0;3.7142857142857144;3.0;;3.0;4.0;4.0;3.9;;;;
497;498;;;;4.5;3.0;;4.0;;;1.5;;;;4.5;;4.0;;;;
498;499;5.0;4.0;4.5;4.333333333333333;;4.666666666666667;4.8;;5.0;4.6;4.857142857142857;;2.5;4.5;;4.666666666666667;4.333333333333333;;;
499;500;2.9375;2.375;2.0;3.0121951219512195;2.75;2.9285714285714284;3.107142857142857;3.125;2.8333333333333335;2.676470588235294;2.7058823529411766;3.25;2.0;2.4375;1.6666666666666667;3.5555555555555554;2.5;3.0;3.1666666666666665;3.5
500;501;3.6666666666666665;4.166666666666667;4.0;3.5714285714285716;3.6666666666666665;3.3333333333333335;4.416666666666667;;4.75;3.8;3.8846153846153846;;3.8333333333333335;4.0;;4.375;4.0;2.5;3.75;4.0
501;502;3.909090909090909;3.0;;3.962962962962963;2.0;3.933333333333333;3.3333333333333335;4.0;;4.0;4.0;;3.4;4.0;4.0;3.8333333333333335;3.3333333333333335;4.5;;
502;503;;;3.5;3.25;;3.0;4.0;;3.0;3.75;4.0;;;4.0;;4.0;3.5;1.0;;
503;504;2.6666666666666665;1.0;;2.6;;2.6666666666666665;2.25;2.0;;2.25;3.0;;2.5;4.0;;1.75;;;;
504;505;3.125;3.125;3.2142857142857144;3.27027027027027;3.25;3.125;3.186046511627907;3.25;3.5;3.27027027027027;3.261904761904762;2.6666666666666665;3.235294117647059;3.25;2.9;3.3448275862068964;3.25;3.0;1.0;
505;506;2.0;2.6666666666666665;;3.25;;3.0;3.5;;;3.0;;;3.0;3.0;;4.0;2.5;;;
506;507;3.5;3.8;;3.3333333333333335;3.0;3.1666666666666665;2.5;4.0;;3.5714285714285716;2.0;;3.5;3.6666666666666665;2.0;3.0;5.0;;;
507;508;3.0;3.5;;3.6315789473684212;4.0;4.25;3.8333333333333335;;4.0;4.125;3.8;5.0;3.75;3.5;;3.3333333333333335;3.0;;;
508;509;3.0;3.1551724137931036;3.6666666666666665;3.283707865168539;3.4857142857142858;3.3088235294117645;3.449438202247191;3.3636363636363638;3.6666666666666665;3.415;3.4166666666666665;3.9;3.411111111111111;3.2051282051282053;3.5;3.1846153846153844;3.0277777777777777;3.5;;3.3333333333333335
509;510;3.1;3.0;4.0;3.2058823529411766;3.25;2.9285714285714284;3.1666666666666665;3.25;2.6666666666666665;3.210526315789474;3.466666666666667;4.5;3.0;3.0;;3.1666666666666665;3.25;2.5;;2.0
510;511;3.75;5.0;;4.181818181818182;;4.25;4.666666666666667;;3.0;4.0;4.333333333333333;5.0;4.0;4.0;5.0;4.0;;4.0;;
511;512;;4.5;;4.166666666666667;4.5;4.5;4.25;;;4.75;;;4.5;;4.0;3.5;;;3.0;
512;513;;;;3.625;;4.0;3.0;;;4.2;3.75;3.0;5.0;3.0;3.0;;;;;
513;514;2.8;3.0;3.1666666666666665;3.453488372093023;3.923076923076923;3.358974358974359;3.28125;3.3333333333333335;5.0;3.5535714285714284;3.357142857142857;3.5;3.1578947368421053;3.76;3.5714285714285716;3.32;3.090909090909091;3.5;;
514;515;3.5;;;4.833333333333333;;4.25;;;;4.25;5.0;;4.25;5.0;;;;;;
515;516;3.642857142857143;3.6;3.0;3.5135135135135136;3.5;3.7333333333333334;3.357142857142857;;;3.5555555555555554;3.4210526315789473;4.0;3.5384615384615383;3.3;3.75;3.3333333333333335;3.4;5.0;;
516;517;4.142857142857143;5.0;;4.3076923076923075;4.75;4.333333333333333;4.5;;;4.25;4.5;;4.166666666666667;4.5;;4.5;4.0;;;
517;518;3.5185185185185186;3.5517241379310347;3.625;3.47972972972973;3.8333333333333335;3.4857142857142858;3.6202531645569622;3.3076923076923075;4.5;3.5806451612903225;3.6153846153846154;3.0;3.4375;3.7419354838709675;3.6666666666666665;3.6271186440677967;3.526315789473684;3.5714285714285716;3.0;
518;519;4.7;5.0;4.5;4.194444444444445;4.0;4.7;4.2272727272727275;;4.5;4.666666666666667;4.388888888888889;;4.214285714285714;4.5;4.5;4.2;;5.0;5.0;
519;520;2.8;4.0;3.0;3.740740740740741;3.1;3.7;3.5357142857142856;4.0;5.0;3.8421052631578947;3.892857142857143;3.1666666666666665;3.2142857142857144;3.857142857142857;3.125;3.4285714285714284;;;;
520;521;4.75;4.5;;3.9;3.5;4.25;4.0;;4.5;4.214285714285714;4.5;3.5;5.0;4.0;3.5;3.8333333333333335;4.0;;;
521;522;2.7916666666666665;2.25;3.5;3.24;2.8333333333333335;2.8846153846153846;3.3;2.75;4.0;2.9444444444444446;3.090909090909091;2.5;3.0;2.75;2.5;3.5714285714285716;3.0;2.0;;
522;523;4.4;4.166666666666667;4.0;4.086956521739131;4.375;4.055555555555555;4.0;3.5;4.5;4.166666666666667;3.888888888888889;;3.8333333333333335;4.083333333333333;3.1666666666666665;4.5;4.5;;;
523;524;3.0;5.0;;3.375;3.5;3.0;4.166666666666667;;;3.0;3.5;3.0;3.0;;3.5;4.0;;;4.5;
524;525;3.2;3.0;;3.586206896551724;4.5;4.222222222222222;3.5;3.5;5.0;3.727272727272727;3.3;4.0;3.3333333333333335;3.6666666666666665;2.5;3.8333333333333335;3.0;2.5;;
525;526;4.0;;;4.5;;3.5;4.0;;;3.5;4.0;4.0;;;;4.0;;;4.0;
526;527;2.857142857142857;2.5;0.5;3.196969696969697;3.0;3.6875;2.7916666666666665;2.5;4.5;3.09375;2.9285714285714284;2.0;3.0833333333333335;3.25;2.75;3.5;2.5;3.0;;
527;528;3.4285714285714284;3.5;3.5;3.4166666666666665;2.75;3.5;3.5454545454545454;3.0;4.0;3.7222222222222223;3.6;3.75;3.625;3.3;3.5;3.75;3.0;;;
528;529;3.6206896551724137;3.5714285714285716;4.0;3.5531914893617023;3.825;3.7941176470588234;3.738095238095238;4.357142857142857;3.7222222222222223;3.5851063829787235;3.6785714285714284;3.75;3.7;3.425;2.25;3.783333333333333;3.590909090909091;4.2;4.25;4.0
529;530;3.4;2.6666666666666665;;3.933333333333333;3.0;4.142857142857143;3.5;5.0;;3.9;4.0;5.0;3.6666666666666665;4.25;5.0;3.0;1.0;;;
530;531;1.25;2.6;2.0;2.9545454545454546;4.0;2.0625;2.590909090909091;;1.5;2.5454545454545454;3.1;;2.1;3.642857142857143;3.5;2.25;2.2857142857142856;0.5;;
531;532;3.5;4.0;;3.6;4.5;3.75;3.642857142857143;;4.5;4.0;3.6666666666666665;;4.5;4.0;;3.625;;;;2.5
532;533;3.090909090909091;2.6666666666666665;4.0;3.3076923076923075;3.4;3.3333333333333335;3.25;;3.0;3.4375;3.4285714285714284;4.0;3.3333333333333335;3.4285714285714284;3.3333333333333335;3.5833333333333335;3.4;3.0;;
533;534;3.5;4.0;;3.7142857142857144;3.3333333333333335;3.6451612903225805;3.53125;5.0;2.5;3.717391304347826;3.9285714285714284;3.25;3.5714285714285716;3.75;3.8;3.5357142857142856;3.75;3.3333333333333335;;2.0
534;535;3.0;3.0;;3.0;3.0;3.125;3.0;;3.0;2.909090909090909;3.25;3.0;2.6666666666666665;3.6666666666666665;3.0;2.8;3.0;;;
535;536;3.7142857142857144;3.75;;4.03125;5.0;4.076923076923077;4.090909090909091;;2.0;4.142857142857143;4.133333333333334;3.0;3.888888888888889;4.125;3.5;3.6363636363636362;3.75;5.0;;
536;537;3.75;4.076923076923077;4.5;4.054794520547945;4.333333333333333;3.763157894736842;4.027777777777778;5.0;4.0;4.0;3.75;5.0;3.8823529411764706;4.533333333333333;3.25;3.892857142857143;4.0;4.25;;
537;538;2.6666666666666665;;;3.8;4.0;4.0;4.0;;3.0;4.0;3.8333333333333335;;2.75;3.5;;5.0;3.0;;;
538;539;3.5;;;4.4;4.666666666666667;4.0;4.0;;;4.0;4.0;5.0;4.333333333333333;4.0;;5.0;;;;
539;540;;;;4.125;;;2.5;;;5.0;;;;;;2.0;;;;4.5
540;541;1.0;3.0;;3.6666666666666665;2.0;;4.0;;;;5.0;;1.0;;;3.0;;3.0;;
541;542;3.5;;;4.0;2.25;3.3333333333333335;3.0;;4.0;3.4;3.0;;4.0;4.0;;4.5;;;;
542;543;4.6;4.75;;3.8333333333333335;3.75;4.6;4.2;4.0;4.0;4.375;4.333333333333333;;4.333333333333333;4.4;4.0;3.6666666666666665;3.5;5.0;;
543;544;4.611111111111111;4.583333333333333;;4.431818181818182;4.666666666666667;4.6;4.722222222222222;;3.75;4.423076923076923;4.458333333333333;4.5;4.7;4.333333333333333;4.5;4.285714285714286;4.25;5.0;4.5;4.5
544;545;4.25;4.0;4.0;3.9166666666666665;4.0;4.5;3.923076923076923;3.6666666666666665;5.0;4.375;4.0;5.0;4.666666666666667;4.25;;5.0;4.0;;;
545;546;;;;4.9;5.0;5.0;5.0;5.0;;4.4;5.0;;;3.0;;;;4.5;5.0;
546;547;3.408450704225352;3.4523809523809526;4.264705882352941;3.3503649635036497;3.734375;3.2758620689655173;3.493710691823899;3.4375;3.4444444444444446;3.2535211267605635;3.435;3.5;3.528985507246377;3.0531914893617023;3.152173913043478;3.2233009708737863;3.6973684210526314;3.8214285714285716;3.1666666666666665;3.5
547;548;3.4;3.75;;3.323529411764706;3.75;3.473684210526316;3.2;;3.0;3.4705882352941178;3.1538461538461537;3.0;3.5;3.3636363636363638;3.2;3.3125;3.6666666666666665;;;
548;549;3.0;3.0;;3.9;2.5;1.0;4.333333333333333;;;2.25;5.0;3.0;1.75;5.0;2.5;4.25;5.0;;;
549;550;3.4285714285714284;2.6666666666666665;;3.4193548387096775;4.25;3.6153846153846154;3.076923076923077;4.0;;3.5625;3.642857142857143;;3.4285714285714284;4.166666666666667;4.0;3.142857142857143;2.6;;;
550;551;3.3;3.25;3.0;3.6363636363636362;;3.2222222222222223;3.5714285714285716;4.0;;3.3333333333333335;3.3333333333333335;3.0;3.0;3.0;3.0;3.0;3.2;3.0;;
551;552;3.4;;;2.4545454545454546;2.0;3.857142857142857;2.8;4.0;;3.4;3.3333333333333335;;3.3333333333333335;3.0;;3.0;3.0;4.0;;
552;553;4.0;3.75;4.0;3.9523809523809526;4.0;3.9375;4.05;4.0;4.5;4.0;3.8;4.75;3.75;3.8333333333333335;4.875;3.95;3.5;;4.5;
553;554;3.0;3.0;4.0;4.0;3.0;3.25;3.75;;4.0;3.0;3.6;;4.0;2.6666666666666665;;3.8;;;;
554;555;2.5555555555555554;2.0;;3.1176470588235294;2.75;3.4166666666666665;3.4444444444444446;;;3.0833333333333335;3.375;;2.857142857142857;4.0;3.5;3.3333333333333335;2.5;;;
555;556;5.0;4.0;;4.285714285714286;;4.0;4.75;;;4.166666666666667;4.25;5.0;4.333333333333333;3.0;5.0;5.0;5.0;;;
556;557;2.25;0.5;;2.4444444444444446;3.3333333333333335;1.7;2.125;2.5;;2.9;2.0;3.5;3.5;2.875;;2.9;;2.5;;
557;558;4.6;4.6;4.5;4.518518518518518;4.222222222222222;4.6923076923076925;4.3125;5.0;5.0;4.666666666666667;4.454545454545454;5.0;4.222222222222222;4.6;3.0;4.25;4.4;5.0;;5.0
558;559;4.2;4.111111111111111;4.0;4.791666666666667;4.285714285714286;4.416666666666667;4.411764705882353;5.0;;4.5;4.7272727272727275;3.0;4.25;4.666666666666667;4.333333333333333;4.625;4.333333333333333;;;
559;560;4.0;4.0;3.0;3.9473684210526314;4.25;4.0;3.9583333333333335;3.5;4.0;4.0;3.75;;4.0;3.0;4.0;3.7;3.5;4.0;;
560;561;3.388888888888889;3.5833333333333335;3.0;3.5851063829787235;3.4166666666666665;4.0625;3.607142857142857;3.5;4.0;3.8541666666666665;3.7333333333333334;3.5;3.230769230769231;4.0;4.0;3.566666666666667;3.5;3.0;;
561;562;3.8076923076923075;4.25;2.5;4.102564102564102;4.0;4.285714285714286;3.9761904761904763;;4.1;4.206896551724138;4.0;3.9;4.0;4.142857142857143;3.9166666666666665;4.416666666666667;2.8333333333333335;3.5;;
562;563;3.125;3.375;2.5;4.066666666666666;3.625;4.071428571428571;3.857142857142857;;4.25;4.25;4.166666666666667;4.0;3.625;5.0;;3.8333333333333335;3.3333333333333335;;3.5;
563;564;3.5;3.4923076923076923;3.6666666666666665;3.5653495440729484;3.5873015873015874;3.4794520547945207;3.6818181818181817;3.1666666666666665;3.4;3.485148514851485;3.5793650793650795;3.4705882352941178;3.5288461538461537;3.3421052631578947;3.6;3.7058823529411766;3.682926829268293;3.526315789473684;4.0;3.0
564;565;4.5;;;3.3333333333333335;5.0;3.5;3.6666666666666665;;;2.8333333333333335;2.8333333333333335;4.0;5.0;2.5;;3.0;;;;
565;566;;;;5.0;;;4.0;;;5.0;;;;;;;;;;
566;567;5.0;4.5;;4.75;4.0;4.5;4.75;;;4.6;4.5;;;3.75;;5.0;5.0;;;
567;568;4.0;;;3.875;4.5;3.3333333333333335;3.6666666666666665;;4.0;3.6666666666666665;4.0;4.0;4.333333333333333;4.5;4.0;;4.0;;;
568;569;4.4;4.166666666666667;4.333333333333333;4.045454545454546;3.875;3.9;4.4;4.0;5.0;4.25;4.333333333333333;5.0;4.0;4.0;5.0;4.0;5.0;;;
569;570;3.8333333333333335;2.5;;3.65625;;3.9375;3.4615384615384617;4.0;5.0;3.6;3.4285714285714284;3.5;4.666666666666667;2.0;3.5;3.5;4.75;4.5;;
570;571;5.0;5.0;;3.7142857142857144;3.0;4.5;4.0;;;3.9;4.0;;5.0;4.0;3.5;3.875;;;;
571;572;5.0;5.0;3.5;3.8333333333333335;4.0;4.125;4.166666666666667;4.0;4.5;3.611111111111111;3.357142857142857;3.0;4.0;3.25;3.0;3.9;3.5;;4.5;
572;573;3.5;3.0;;3.9166666666666665;3.0;3.2;3.6666666666666665;;;3.1666666666666665;3.5;;3.0;3.0;;4.25;2.0;;;
573;574;3.026315789473684;2.8125;;3.536363636363636;3.4375;3.75;3.5925925925925926;3.6666666666666665;3.6666666666666665;3.59375;3.7954545454545454;4.5;3.3636363636363638;3.5454545454545454;4.0;3.5;3.0714285714285716;4.0;3.75;
574;575;3.269230769230769;3.2;4.2;3.467889908256881;3.4761904761904763;3.3846153846153846;3.4716981132075473;3.25;5.0;3.4328358208955225;3.4130434782608696;3.6666666666666665;3.269230769230769;3.375;3.25;3.7804878048780486;3.5714285714285716;3.857142857142857;;
575;576;3.0;4.0;;3.8333333333333335;4.0;3.1666666666666665;3.3333333333333335;;;3.6666666666666665;3.8333333333333335;;1.0;4.0;;4.0;;;;
576;577;3.9615384615384617;4.0;4.5;4.366071428571429;4.071428571428571;4.14;4.40625;4.25;5.0;4.175;4.270833333333333;4.75;4.25;4.125;4.25;4.5;4.0;4.333333333333333;;
577;578;;0.5;;2.727272727272727;3.0;;2.125;;;2.625;2.5;;;2.75;;2.3;3.0;;;
578;579;0.5;;;0.5;0.5;0.5;2.0;;;;;;0.5;;0.5;0.5;;;;
579;580;2.9081632653061225;2.782608695652174;3.0;3.279310344827586;3.18;3.2265625;3.380281690140845;3.0625;3.9285714285714284;3.2848101265822787;3.41;3.111111111111111;3.2432432432432434;3.2857142857142856;2.9583333333333335;3.5;3.0952380952380953;3.3;3.3;3.6666666666666665
580;581;4.5;0.5;;1.3571428571428572;0.5;1.8333333333333333;1.6666666666666667;4.0;;2.0;1.8333333333333333;;0.5;1.8333333333333333;;;;;;
581;582;4.0;3.9;2.5;3.6;4.2;4.181818181818182;3.5;4.5;3.25;4.115384615384615;4.214285714285714;;3.9285714285714284;4.142857142857143;1.0;3.5833333333333335;2.25;5.0;;
582;583;;;;4.75;;3.8333333333333335;4.5;;;4.5;4.5;;4.25;;;5.0;;;3.0;
583;584;4.166666666666667;3.1666666666666665;5.0;3.621212121212121;3.875;3.6923076923076925;2.9;5.0;5.0;3.8095238095238093;3.5526315789473686;2.0;4.0;3.0;2.5;4.0;2.625;;4.125;2.5
584;585;4.3;4.444444444444445;4.5;4.253731343283582;4.5;4.333333333333333;4.121212121212121;4.571428571428571;4.666666666666667;4.25;4.208333333333333;4.0;4.5;4.0;5.0;4.476190476190476;4.5;4.666666666666667;;
585;586;3.3333333333333335;1.5;;3.75;;3.5;3.375;4.0;5.0;3.7142857142857144;2.1666666666666665;;4.5;2.0;;;3.5;;;
586;587;3.975;4.0;4.142857142857143;4.038461538461538;3.9705882352941178;4.012820512820513;4.119565217391305;3.9166666666666665;3.7;3.8625;4.203703703703703;4.5;4.1;4.083333333333333;4.125;4.161290322580645;4.214285714285714;3.8;4.5;
587;588;2.75;3.0;;3.625;4.0;3.5;3.3333333333333335;;3.0;3.8333333333333335;4.0;4.0;3.4;3.3333333333333335;3.0;3.0;3.0;4.0;;
588;589;3.4;;3.0;3.375;4.5;3.5;3.4;;;3.5;3.5;4.0;3.4;3.5;4.0;3.0;3.0;;;
589;590;3.1818181818181817;3.25;;3.5217391304347827;3.3333333333333335;3.3636363636363638;3.4444444444444446;;4.0;3.4285714285714284;3.4;4.0;3.1818181818181817;3.5;3.5;3.0;3.5;5.0;;
590;591;;3.3333333333333335;4.5;3.111111111111111;3.5;3.6666666666666665;3.2;4.0;3.5;3.125;3.5;4.0;;2.5;;3.5;4.5;;;
591;592;3.6666666666666665;2.25;2.0;3.8;4.0;3.75;4.363636363636363;3.6666666666666665;;3.75;4.166666666666667;1.0;3.0;3.7142857142857144;4.333333333333333;4.333333333333333;5.0;4.666666666666667;5.0;
592;593;3.9;4.2;3.5;4.222222222222222;5.0;4.3;4.0;4.0;5.0;4.363636363636363;4.25;4.0;4.125;3.6666666666666665;4.0;4.666666666666667;3.75;4.5;;
593;594;3.6666666666666665;3.6666666666666665;3.0;4.666666666666667;;4.333333333333333;4.333333333333333;5.0;;4.666666666666667;4.8;5.0;4.333333333333333;5.0;4.5;4.375;;;;
594;595;3.5384615384615383;4.142857142857143;5.0;3.891304347826087;4.0;4.0;3.8333333333333335;4.0;4.333333333333333;4.0;3.8461538461538463;3.5;3.888888888888889;4.0;4.5;3.6470588235294117;4.5;4.0;5.0;
595;596;3.7291666666666665;3.727272727272727;3.0;3.6627906976744184;3.6363636363636362;3.689655172413793;3.5972222222222223;2.875;3.8333333333333335;3.5833333333333335;3.8333333333333335;3.75;3.75;3.5588235294117645;3.8333333333333335;3.7045454545454546;3.409090909090909;3.5;3.75;3.8333333333333335
596;597;3.9166666666666665;3.7777777777777777;4.0;3.980392156862745;4.0;3.9166666666666665;4.1;3.5;;4.0;4.2105263157894735;5.0;3.4285714285714284;4.166666666666667;4.5;4.181818181818182;4.0;4.0;;
597;598;2.909090909090909;3.0833333333333335;3.3333333333333335;3.441860465116279;3.230769230769231;3.782608695652174;3.52;3.0;4.0;3.56;3.1666666666666665;;3.5714285714285716;3.3636363636363638;4.333333333333333;3.4722222222222223;2.6666666666666665;4.0;;3.6666666666666665
598;599;3.8;;;3.9411764705882355;3.5714285714285716;4.166666666666667;3.888888888888889;3.25;4.0;3.4375;3.8333333333333335;4.0;4.0;3.6666666666666665;3.75;4.25;3.0;4.0;4.5;
599;600;;;;4.0;5.0;4.0;;;;3.0;4.0;3.5;;5.0;;;;5.0;3.5;
600;601;2.75;;;3.5;3.0;3.1666666666666665;3.4;;;3.3333333333333335;4.25;;2.875;4.0;;3.0;3.25;;4.5;
601;602;3.888888888888889;4.6;4.0;3.903225806451613;3.857142857142857;3.857142857142857;3.375;4.0;3.0;3.6666666666666665;3.769230769230769;2.0;3.8;3.5714285714285716;3.0;3.6666666666666665;4.0;5.0;;
602;603;4.333333333333333;4.0;;3.65;4.0;4.666666666666667;3.6666666666666665;5.0;;3.769230769230769;4.142857142857143;5.0;4.5;4.428571428571429;3.0;3.6;3.3333333333333335;;;
603;604;1.0;;;2.5;;;2.5;;;3.0;3.75;;1.0;;;1.0;;;;
604;605;2.864864864864865;2.727272727272727;4.0;3.0963855421686746;2.6;3.0476190476190474;3.0392156862745097;2.888888888888889;4.0;3.0980392156862746;3.1515151515151514;3.0;2.8620689655172415;3.3846153846153846;3.6666666666666665;3.230769230769231;3.0625;3.0;;
605;606;5.0;5.0;;4.055555555555555;4.0;5.0;4.083333333333333;3.5;5.0;4.375;4.5;;4.25;;;4.5;;;;
606;607;3.391304347826087;3.409090909090909;4.0;3.5;3.5714285714285716;3.657142857142857;3.5454545454545454;3.9;4.166666666666667;3.69811320754717;3.586206896551724;3.5;3.425;3.6904761904761907;3.4545454545454546;3.8863636363636362;3.3;3.6666666666666665;3.0;1.5
607;608;3.7916666666666665;3.727272727272727;4.2;3.9285714285714284;3.7857142857142856;4.0;4.027777777777778;3.3333333333333335;3.3333333333333335;3.8780487804878048;4.081081081081081;;4.066666666666666;3.6842105263157894;3.8;3.869565217391304;4.111111111111111;4.25;;
608;609;1.6666666666666667;1.0;3.0;1.9411764705882353;2.75;1.8;2.2;3.0;1.0;1.7777777777777777;1.0;5.0;2.5;1.8;;1.8888888888888888;3.0;;;1.0
609;610;3.0;4.0;;3.6666666666666665;;3.1666666666666665;3.8333333333333335;3.5;;3.3333333333333335;4.166666666666667;;3.25;;;3.75;3.5;3.5;3.5;3.5
610;611;;;;2.9;5.0;2.0;2.0;4.5;;2.75;3.5;;;3.5;;4.0;;;;
611;612;3.25;3.75;;3.388888888888889;3.5;3.8;3.75;3.0;4.5;3.7;3.25;;4.0;2.5;;3.5;3.5;3.5;;
612;613;5.0;;;4.0;;4.375;4.1;;4.5;4.6;3.8333333333333335;;;4.333333333333333;;5.0;;;3.5;
613;614;3.875;3.6;3.6666666666666665;3.909090909090909;4.0;4.1;3.8947368421052633;3.6666666666666665;;3.8461538461538463;4.833333333333333;2.0;3.4;4.75;3.0;3.6153846153846154;4.0;3.25;;
614;615;3.4375;3.5833333333333335;4.0;3.68;3.0625;3.823529411764706;3.8055555555555554;3.25;4.0;3.6315789473684212;3.8076923076923075;3.5;3.3846153846153846;3.6;3.5;3.611111111111111;3.5;3.5;4.0;4.0
615;616;3.4;3.5;;3.857142857142857;3.5;4.0;3.8;;;3.6666666666666665;3.0;;3.6666666666666665;3.5;;4.0;4.0;4.0;;
616;617;3.5714285714285716;3.6666666666666665;4.0;3.142857142857143;4.0;3.142857142857143;3.0;3.25;;3.5833333333333335;3.4;2.0;3.6666666666666665;4.0;3.0;2.5;3.5;;;
617;618;3.0;;;4.8;3.5;3.5;3.0;;;4.2;4.4;;3.25;;;4.666666666666667;;;;
618;619;3.2857142857142856;3.0;;3.727272727272727;5.0;3.6666666666666665;4.0;;3.0;4.25;3.5714285714285716;3.0;3.625;4.0;;4.0;3.3333333333333335;;;
619;620;3.6666666666666665;3.6666666666666665;4.0;3.269230769230769;3.5;3.45;4.0;3.5;2.25;3.35;3.5714285714285716;3.6666666666666665;3.75;3.1666666666666665;4.0;3.0;;4.0;3.0;
620;621;4.125;3.8;4.5;3.823529411764706;4.333333333333333;3.7857142857142856;3.6666666666666665;1.0;5.0;3.8333333333333335;3.5;;4.375;4.375;;3.8125;4.0;;;
621;622;5.0;;;5.0;;5.0;5.0;;5.0;5.0;5.0;;;5.0;;;;;;
622;623;3.8333333333333335;4.5;;3.966666666666667;4.166666666666667;4.333333333333333;4.2;4.0;4.5;4.222222222222222;4.35;;4.75;3.8333333333333335;;;3.5;;;
623;624;3.1904761904761907;3.3076923076923075;3.0;3.0205882352941176;3.073170731707317;3.176470588235294;3.1122448979591835;2.9444444444444446;3.5;3.318681318681319;3.2265625;2.6666666666666665;3.231707317073171;3.1451612903225805;2.607142857142857;2.9262295081967213;2.9545454545454546;2.75;2.6666666666666665;3.1666666666666665
624;625;;;;3.9444444444444446;;4.0;4.0;;;4.0;2.5;4.0;;;4.0;4.125;4.5;;4.0;
625;626;2.25;2.75;;3.6;3.3333333333333335;3.0;3.5833333333333335;3.0;4.0;3.5555555555555554;3.5;;2.5;3.3333333333333335;2.0;3.727272727272727;3.0;5.0;;
626;627;3.0555555555555554;3.0;1.0;2.838235294117647;2.7;3.076923076923077;2.975;2.25;4.0;3.0526315789473686;3.0;3.1666666666666665;3.111111111111111;3.0;2.5;2.8125;2.375;3.5;;3.75
627;628;2.8;2.9;;2.7777777777777777;3.0;2.7;2.611111111111111;;;2.5;2.75;3.5;2.5;;3.25;2.875;2.5;;3.5;2.5
628;629;5.0;3.3333333333333335;;3.25;3.6666666666666665;2.4;3.0;;;3.8333333333333335;3.0;;3.0;3.0;1.0;4.0;;;;
629;630;;;;4.6;;4.0;4.25;5.0;;4.5;4.333333333333333;;;;;5.0;;;;
630;631;4.0;;4.0;3.625;;3.6666666666666665;4.0;3.5;3.0;3.6666666666666665;3.0;;;3.0;4.5;3.5;4.0;;;
631;632;4.0;;;4.25;3.0;4.5;4.25;;;4.5;4.0;;5.0;5.0;4.5;4.5;;;;
632;633;3.0;3.0;;3.3333333333333335;3.0;3.2;3.3333333333333335;;;3.3333333333333335;3.25;3.5;2.8;3.25;3.0;3.0;;;;
633;634;2.5;;1.0;3.7;;3.5;2.6666666666666665;3.0;2.5;4.25;;;3.5;3.5;;3.5;1.0;;;
634;635;3.5;;;3.125;;3.6;3.5;;;3.2;3.375;;4.0;;;3.5;;;;
635;636;4.0;3.5;;3.375;3.6666666666666665;4.0;3.8333333333333335;;;3.5;3.5;;4.0;3.5;3.0;3.0;3.0;4.0;;
636;637;4.0;4.0;;4.5;;3.75;4.666666666666667;;;4.166666666666667;4.25;2.5;4.0;4.166666666666667;2.5;5.0;4.0;;;
637;638;;;;2.5;;2.0;3.1666666666666665;;;2.0;;3.5;;2.0;;4.0;;;;
638;639;3.1666666666666665;3.6666666666666665;;3.3076923076923075;3.3333333333333335;3.727272727272727;3.125;;3.0;3.8461538461538463;3.5;3.0;3.3;2.6666666666666665;3.5;3.0;3.0;2.0;;
639;640;3.7777777777777777;3.6666666666666665;3.0;3.727272727272727;3.5;4.0;3.8;2.0;4.0;3.7777777777777777;3.75;;4.2;4.333333333333333;;4.75;3.0;;;
640;641;3.6;4.142857142857143;3.0;4.076923076923077;4.571428571428571;3.75;3.9285714285714284;3.0;;4.043478260869565;3.75;3.5;3.6666666666666665;4.0;3.75;4.0;3.5;;;
641;642;4.166666666666667;4.666666666666667;5.0;3.857142857142857;4.0;3.6666666666666665;4.0;4.0;3.0;3.5;4.666666666666667;;5.0;2.0;;4.25;5.0;3.0;;
642;643;;;;4.0;;5.0;4.5;2.0;;5.0;;;;5.0;;3.5;;;;
643;644;3.5;2.0;;4.0;5.0;3.4;5.0;4.0;;5.0;3.6666666666666665;;5.0;;;2.0;;;;
644;645;;3.75;;3.25;;3.6666666666666665;3.875;;;3.1666666666666665;3.5;;;;3.5;3.5;3.5;;;
645;646;3.4444444444444446;3.8333333333333335;5.0;4.029411764705882;4.0;3.7058823529411766;4.0588235294117645;5.0;5.0;4.142857142857143;4.3076923076923075;4.5;3.888888888888889;4.5;4.25;2.75;4.166666666666667;;;
646;647;4.0;3.3333333333333335;4.666666666666667;4.393939393939394;4.333333333333333;4.117647058823529;4.0588235294117645;;5.0;4.2272727272727275;4.142857142857143;;4.375;4.4;4.0;3.933333333333333;4.6;;;
647;648;4.0;3.6;;3.4696969696969697;3.5833333333333335;3.7142857142857144;3.75;4.0;3.375;3.7333333333333334;3.7857142857142856;4.0;4.166666666666667;2.9;4.0;3.5357142857142856;3.9;;;4.166666666666667
648;649;3.125;3.4285714285714284;4.0;3.6551724137931036;3.5;3.75;3.7142857142857144;;5.0;3.4615384615384617;3.4545454545454546;3.0;3.375;3.2;4.0;4.2;3.0;2.0;;
649;650;3.857142857142857;1.0;;2.0;4.0;3.8;2.3333333333333335;;;3.6;3.5;3.0;4.25;3.2;1.0;3.0;3.0;;;
650;651;5.0;3.0;3.0;3.8333333333333335;3.0;4.5;3.0;;;4.142857142857143;3.0;;4.0;3.6666666666666665;4.0;4.0;3.0;;;
651;652;3.8125;3.6666666666666665;;4.25;4.090909090909091;4.0;4.25;5.0;3.3333333333333335;4.115384615384615;4.142857142857143;4.5;4.0;4.285714285714286;4.0;4.25;4.0;5.0;;3.0
652;653;;4.0;;4.0;4.5;4.5;3.625;4.0;5.0;4.333333333333333;4.428571428571429;;4.0;4.2;;3.6666666666666665;;3.0;;
653;654;3.892857142857143;3.9444444444444446;4.5;4.155963302752293;4.147058823529412;4.151162790697675;4.055555555555555;3.6666666666666665;5.0;4.073770491803279;4.184210526315789;4.055555555555555;3.9038461538461537;4.28;4.125;4.085714285714285;3.9615384615384617;3.75;4.0;3.5
654;655;4.0;4.3;4.0;4.3;4.1;4.0;4.2;4.0;5.0;4.0;3.7857142857142856;;4.0;4.25;;4.125;4.0;4.5;;
655;656;;3.0;5.0;4.642857142857143;4.2;4.25;4.777777777777778;3.0;5.0;4.8;4.6;;4.4;4.666666666666667;5.0;5.0;5.0;;;
656;657;3.75;;;3.1666666666666665;;4.25;3.75;;;4.0;3.5;4.0;4.0;3.0;4.0;;3.0;;;
657;658;4.6;4.5;;4.4;4.333333333333333;4.666666666666667;4.4;4.5;4.0;4.5;4.5;5.0;4.5;4.333333333333333;;4.5;;;;
658;659;3.0;3.25;3.0;3.6052631578947367;3.375;3.45;3.6666666666666665;;;3.3333333333333335;3.5555555555555554;3.5;3.3333333333333335;3.272727272727273;4.0;3.857142857142857;3.0;3.5;;
659;660;4.25;;;4.166666666666667;4.0;4.25;4.0;;4.166666666666667;4.166666666666667;4.0;;;4.5;4.0;4.5;;4.5;;
660;661;4.0;;;3.9166666666666665;;4.25;4.5;;;3.8;4.333333333333333;;4.5;3.0;;3.75;;;;
661;662;3.5;3.3333333333333335;;3.7777777777777777;3.75;3.25;3.6;;1.0;3.6666666666666665;3.75;4.0;3.25;3.5;4.0;3.4285714285714284;3.0;;;
662;664;3.75;3.875;3.3333333333333335;3.7830188679245285;3.576923076923077;4.02;3.816666666666667;3.25;4.0;3.909090909090909;3.9761904761904763;3.6666666666666665;3.7058823529411766;3.8846153846153846;3.4166666666666665;3.7857142857142856;3.3636363636363638;4.166666666666667;3.75;3.9
663;665;3.085714285714286;3.25;3.25;3.5454545454545454;3.2142857142857144;3.3255813953488373;3.215686274509804;3.0;4.0;3.5217391304347827;3.375;3.3333333333333335;3.25;3.611111111111111;3.6666666666666665;3.3333333333333335;2.769230769230769;3.3333333333333335;4.0;3.0
664;666;2.2;2.6666666666666665;2.0;2.9411764705882355;2.0;4.0;2.9;;;2.8;2.6666666666666665;3.0;2.6666666666666665;2.5;3.0;3.3333333333333335;2.0;;;
665;667;3.4444444444444446;3.5;;3.409090909090909;3.0;3.7857142857142856;3.5384615384615383;3.0;;3.6363636363636362;3.5555555555555554;3.6666666666666665;3.5;3.6;2.5;3.4;3.0;2.5;;
666;668;5.0;;;4.0;;4.0;5.0;;;4.0;4.0;4.0;5.0;3.0;;;;;;
667;669;;;;3.75;3.0;5.0;4.5;;;4.0;4.0;;3.0;4.0;4.0;4.0;4.0;;;
668;670;5.0;;;3.4444444444444446;4.0;4.0;4.2;;;4.0;3.0;;5.0;3.0;4.0;2.5;;5.0;;
669;671;4.333333333333333;4.0;4.0;4.1;4.333333333333333;4.25;3.6666666666666665;3.75;4.5;4.25;4.333333333333333;4.0;4.0;4.428571428571429;4.0;4.0;4.0;3.75;;
